Idade,Genero,Serie,Media de Notas,Frequencia,Participacao em Atividades Extracurriculares,Motivo da Evasao,Renda Familiar,Localizacao,Evasao
15,Feminino,3,8.2,80%,Sim,0,909,Urbana,0
18,Feminino,1,6.7,90%,Sim,0,628,Urbana,1
16,Masculino,1,5.5,80%,Sim,0,2671,Urbana,1
15,Masculino,3,5.9,90%,Sim,Falta de Apoio Familiar,2853,Urbana,1
18,Masculino,1,9.0,50%,Não,0,2971,Rural,1
18,Feminino,2,5.8,80%,Sim,0,886,Urbana,0
18,Feminino,3,4.2,80%,Sim,0,1722,Urbana,1
18,Feminino,1,7.0,80%,Sim,0,1281,Rural,1
16,Masculino,3,3.6,90%,Não,Outros,2312,Urbana,1
18,Masculino,3,9.7,80%,Sim,Falta de Apoio Escolar,1384,Rural,1
16,Feminino,2,8.7,70%,Não,0,1156,Urbana,0
17,Masculino,3,1.6,50%,Sim,0,1714,Urbana,1
15,Masculino,3,6.8,60%,Não,0,527,Urbana,0
18,Feminino,3,0.3,60%,Sim,0,1402,Urbana,1
17,Masculino,3,8.9,90%,Não,Falta de Apoio Escolar,2912,Urbana,1
15,Masculino,3,8.4,50%,Sim,0,1054,Rural,1
15,Masculino,1,5.1,50%,Sim,0,899,Urbana,1
15,Feminino,3,1.3,60%,Não,0,2480,Rural,1
17,Masculino,1,6.2,90%,Não,0,1018,Rural,0
16,Feminino,1,2.4,70%,Sim,Falta de Interesse,1105,Rural,1
17,Masculino,2,6.3,50%,Sim,0,2403,Rural,0
18,Feminino,2,6.9,60%,Sim,0,2445,Rural,0
18,Masculino,3,1.1,70%,Não,Outros,2112,Rural,1
17,Feminino,2,4.8,70%,Não,Falta de Apoio Escolar,2612,Urbana,1
15,Feminino,1,5.9,70%,Não,Problemas de Saúde,1458,Rural,1
16,Masculino,3,2.5,80%,Não,0,550,Urbana,1
16,Masculino,2,2.0,70%,Sim,Problemas Financeiros,677,Urbana,1
16,Feminino,1,6.4,70%,Não,0,1936,Urbana,1
16,Masculino,2,7.6,60%,Não,0,1518,Rural,0
15,Feminino,3,3.6,90%,Sim,0,2997,Urbana,1
16,Masculino,2,7.1,80%,Não,Falta de Interesse,1574,Urbana,1
15,Feminino,3,5.9,60%,Sim,Problemas Familiares,2939,Rural,1
18,Masculino,3,8.1,60%,Não,0,2524,Rural,0
15,Masculino,2,2.0,70%,Sim,0,2865,Rural,0
18,Masculino,3,8.0,80%,Sim,Problemas de Saúde,994,Urbana,1
16,Masculino,3,2.7,90%,Sim,Outros,1674,Rural,1
17,Feminino,3,3.0,90%,Sim,0,1282,Rural,1
18,Feminino,3,9.8,60%,Sim,0,819,Rural,0
18,Masculino,2,0.5,80%,Sim,0,2003,Urbana,1
15,Feminino,3,1.9,60%,Não,0,2377,Urbana,0
17,Masculino,3,5.2,60%,Sim,Falta de Apoio Escolar,1064,Rural,1
18,Feminino,3,3.8,90%,Sim,0,891,Rural,1
15,Feminino,3,2.4,90%,Não,0,2952,Urbana,0
16,Masculino,1,6.8,60%,Não,Problemas de Saúde,2936,Urbana,1
18,Feminino,2,6.7,90%,Não,0,2692,Rural,0
16,Masculino,2,9.6,90%,Não,Falta de Interesse,2262,Urbana,1
18,Masculino,1,8.8,70%,Não,0,751,Urbana,0
18,Masculino,2,10.0,70%,Sim,Falta de Interesse,1379,Rural,1
17,Masculino,1,3.6,50%,Não,Problemas Financeiros,1282,Rural,1
18,Masculino,2,0.5,50%,Sim,Problemas de Saúde,1507,Urbana,1
15,Feminino,2,3.3,60%,Sim,0,1243,Urbana,0
16,Feminino,3,5.0,60%,Não,Problemas Financeiros,2563,Rural,1
16,Masculino,1,1.7,60%,Sim,Problemas Financeiros,1154,Rural,1
16,Masculino,1,0.9,60%,Sim,0,2430,Urbana,1
18,Masculino,2,4.5,90%,Não,0,1258,Rural,1
15,Masculino,1,9.3,50%,Sim,0,1096,Rural,1
18,Feminino,3,7.6,60%,Não,0,1629,Urbana,0
17,Feminino,2,3.1,70%,Não,0,1064,Rural,1
15,Masculino,2,8.9,90%,Não,Falta de Apoio Escolar,2001,Rural,1
18,Masculino,3,7.0,50%,Não,0,1335,Rural,0
18,Feminino,1,4.6,90%,Sim,0,2792,Urbana,1
17,Masculino,1,2.6,80%,Sim,Falta de Interesse,2336,Rural,1
18,Feminino,2,5.8,60%,Não,Problemas Financeiros,1742,Rural,1
17,Feminino,2,1.9,70%,Sim,0,719,Rural,0
18,Feminino,3,7.4,50%,Não,0,2294,Rural,1
15,Feminino,1,9.4,90%,Sim,Falta de Interesse,2736,Rural,1
17,Feminino,1,6.6,50%,Sim,0,2614,Rural,0
15,Feminino,1,7.2,80%,Não,0,1249,Rural,1
15,Feminino,3,1.6,70%,Não,0,2576,Rural,0
15,Feminino,3,7.5,90%,Sim,0,2797,Urbana,0
16,Feminino,2,5.0,80%,Sim,Problemas de Saúde,2403,Rural,1
16,Feminino,2,0.9,70%,Sim,0,1592,Rural,1
17,Feminino,2,3.9,60%,Sim,Problemas Familiares,1560,Rural,1
15,Masculino,2,7.3,50%,Não,Problemas de Saúde,2373,Rural,1
15,Masculino,1,5.8,80%,Sim,Problemas Financeiros,1548,Rural,1
16,Feminino,1,3.1,50%,Sim,0,790,Rural,1
18,Feminino,1,9.9,50%,Sim,0,2534,Urbana,1
15,Feminino,1,5.7,80%,Não,Problemas Financeiros,2493,Urbana,1
16,Feminino,3,9.4,80%,Não,Problemas Financeiros,1816,Urbana,1
17,Masculino,3,5.6,90%,Sim,0,2973,Rural,1
17,Masculino,1,5.6,70%,Sim,Problemas Familiares,762,Urbana,1
18,Feminino,2,0.5,60%,Não,0,2835,Rural,0
15,Masculino,1,1.0,70%,Sim,0,1006,Rural,0
16,Masculino,2,6.1,60%,Sim,0,2150,Urbana,1
16,Feminino,3,7.3,60%,Sim,Falta de Apoio Familiar,2787,Rural,1
18,Masculino,3,2.4,90%,Não,0,1504,Urbana,0
16,Feminino,2,9.6,70%,Sim,0,678,Urbana,1
16,Masculino,1,7.4,80%,Sim,0,1284,Urbana,0
18,Feminino,1,2.4,50%,Sim,Falta de Interesse,959,Urbana,1
17,Masculino,2,6.4,90%,Não,0,660,Urbana,0
18,Masculino,1,3.4,90%,Não,0,2394,Urbana,1
18,Feminino,1,7.3,90%,Sim,0,973,Urbana,0
17,Masculino,3,5.8,80%,Sim,Falta de Apoio Escolar,1050,Rural,1
17,Masculino,2,7.6,50%,Sim,0,2833,Rural,1
18,Masculino,1,2.5,60%,Sim,Problemas Familiares,2119,Urbana,1
15,Masculino,3,9.3,80%,Sim,Falta de Apoio Escolar,832,Urbana,1
17,Masculino,1,9.9,70%,Não,0,2438,Rural,1
18,Feminino,1,1.6,70%,Não,0,1588,Urbana,0
16,Masculino,2,5.1,80%,Sim,0,2973,Urbana,1
15,Feminino,1,8.6,90%,Não,Outros,1674,Rural,1
16,Masculino,3,3.5,80%,Sim,Problemas de Saúde,1182,Urbana,1
17,Masculino,1,2.4,50%,Não,0,2552,Rural,0
15,Feminino,2,7.3,60%,Não,0,2680,Rural,0
18,Feminino,1,9.8,60%,Sim,0,1926,Rural,0
15,Feminino,1,5.0,60%,Não,Falta de Interesse,2562,Rural,1
17,Feminino,2,3.9,60%,Não,0,510,Urbana,0
15,Masculino,1,3.9,90%,Não,Problemas de Saúde,806,Urbana,1
18,Masculino,1,7.9,70%,Não,0,1489,Urbana,0
18,Feminino,2,7.1,70%,Sim,Falta de Apoio Escolar,503,Rural,1
15,Masculino,1,3.2,80%,Não,0,2118,Rural,0
18,Feminino,3,9.7,60%,Sim,Outros,2910,Rural,1
15,Feminino,1,8.9,70%,Sim,Problemas Financeiros,1570,Rural,1
15,Feminino,1,7.0,50%,Não,0,2999,Urbana,0
15,Feminino,2,4.4,80%,Sim,0,1070,Urbana,1
15,Masculino,2,2.1,90%,Sim,0,1143,Urbana,1
17,Masculino,2,6.6,70%,Sim,0,2746,Urbana,0
18,Feminino,2,7.5,60%,Sim,0,1164,Rural,1
15,Masculino,1,6.0,90%,Sim,Problemas de Saúde,2219,Rural,1
18,Masculino,3,5.0,50%,Não,Problemas de Saúde,2991,Urbana,1
17,Feminino,3,1.2,50%,Sim,Problemas Financeiros,2199,Rural,1
18,Feminino,3,7.8,50%,Sim,0,1783,Urbana,1
18,Feminino,2,4.9,90%,Não,Problemas de Saúde,2034,Rural,1
16,Masculino,1,8.5,70%,Não,0,2916,Rural,0
16,Masculino,1,1.3,70%,Não,0,1083,Rural,0
16,Masculino,1,9.7,60%,Não,Falta de Interesse,2657,Rural,1
15,Feminino,3,4.9,90%,Não,0,1715,Rural,0
16,Feminino,3,0.7,70%,Sim,0,2660,Urbana,1
16,Masculino,2,2.8,80%,Sim,Falta de Apoio Familiar,1901,Rural,1
16,Feminino,3,9.0,60%,Sim,Problemas Familiares,505,Rural,1
18,Masculino,3,3.3,70%,Sim,Falta de Apoio Escolar,936,Urbana,1
15,Masculino,3,9.7,80%,Sim,0,2463,Urbana,0
18,Masculino,3,4.4,60%,Sim,0,1402,Urbana,0
16,Feminino,1,3.7,50%,Não,0,889,Rural,0
17,Feminino,3,7.9,50%,Não,0,732,Rural,0
15,Masculino,3,4.7,80%,Não,0,2110,Urbana,0
16,Feminino,3,0.8,50%,Sim,0,1147,Urbana,1
17,Masculino,3,8.3,80%,Sim,Falta de Interesse,2321,Rural,1
15,Feminino,3,7.9,60%,Não,Problemas Familiares,838,Rural,1
17,Masculino,3,5.1,70%,Não,0,547,Rural,0
15,Masculino,2,0.1,60%,Não,Falta de Interesse,2992,Rural,1
16,Feminino,2,1.4,80%,Sim,Problemas Financeiros,2867,Rural,1
18,Masculino,1,7.1,90%,Não,0,2998,Urbana,1
17,Masculino,2,5.9,90%,Não,0,797,Urbana,1
17,Masculino,1,7.0,80%,Não,Problemas Familiares,2065,Urbana,1
16,Masculino,2,3.6,50%,Não,Outros,1620,Rural,1
15,Masculino,2,6.3,80%,Sim,0,1320,Rural,0
18,Feminino,2,4.3,70%,Não,0,1037,Rural,1
16,Feminino,1,4.1,60%,Não,Outros,1159,Rural,1
16,Feminino,1,4.2,80%,Não,Problemas Financeiros,1769,Rural,1
18,Feminino,2,0.3,70%,Não,0,1103,Urbana,1
15,Feminino,2,0.6,90%,Não,Problemas Familiares,966,Urbana,1
17,Feminino,1,8.5,80%,Sim,0,1461,Rural,0
17,Feminino,1,7.0,50%,Sim,0,1397,Rural,1
18,Feminino,2,2.3,80%,Sim,0,1105,Urbana,1
17,Masculino,2,1.2,90%,Não,0,2273,Urbana,1
18,Masculino,2,0.4,70%,Não,0,2518,Rural,1
18,Masculino,2,4.8,80%,Não,0,2818,Urbana,0
18,Masculino,1,5.9,80%,Não,Falta de Apoio Familiar,734,Rural,1
17,Feminino,3,9.0,50%,Sim,Outros,2066,Rural,1
16,Feminino,1,9.2,80%,Sim,Problemas Familiares,2429,Urbana,1
17,Feminino,1,3.7,60%,Não,Problemas Familiares,2986,Rural,1
17,Feminino,3,9.3,80%,Sim,0,891,Rural,1
18,Masculino,3,5.5,70%,Não,0,666,Rural,0
17,Feminino,1,5.7,60%,Sim,0,592,Urbana,0
18,Masculino,1,1.8,50%,Não,0,2121,Urbana,1
18,Masculino,3,1.2,70%,Não,0,2763,Rural,0
17,Feminino,3,2.4,50%,Sim,0,1945,Urbana,1
17,Feminino,3,1.2,80%,Sim,Falta de Apoio Familiar,1281,Rural,1
18,Feminino,1,2.2,80%,Sim,Falta de Interesse,609,Rural,1
15,Masculino,2,5.4,80%,Sim,Falta de Apoio Familiar,2204,Urbana,1
16,Feminino,3,8.7,90%,Não,Problemas de Saúde,2858,Rural,1
17,Feminino,2,7.9,90%,Sim,Problemas Familiares,1973,Urbana,1
18,Feminino,2,0.3,90%,Não,0,558,Rural,0
17,Masculino,1,7.0,60%,Sim,0,2651,Rural,0
16,Feminino,1,0.5,90%,Não,Outros,1376,Rural,1
17,Feminino,2,10.0,80%,Não,Problemas Financeiros,1597,Rural,1
16,Feminino,1,7.8,80%,Sim,0,773,Urbana,0
15,Feminino,3,2.3,50%,Não,Problemas Financeiros,805,Rural,1
17,Feminino,3,4.9,70%,Não,0,1613,Urbana,0
17,Masculino,2,7.4,70%,Sim,0,749,Urbana,0
18,Masculino,2,8.4,60%,Não,0,615,Urbana,1
15,Feminino,3,2.3,70%,Não,0,1214,Urbana,0
18,Masculino,3,1.3,60%,Não,0,2835,Rural,1
17,Masculino,2,9.3,50%,Não,0,1365,Rural,1
18,Masculino,3,6.7,80%,Não,0,2805,Urbana,1
15,Feminino,1,8.8,80%,Sim,Problemas Familiares,2004,Urbana,1
15,Masculino,1,2.3,60%,Sim,0,2719,Urbana,0
17,Feminino,2,1.3,90%,Não,0,1338,Urbana,1
15,Masculino,1,3.5,50%,Sim,Falta de Apoio Familiar,1490,Urbana,1
17,Feminino,2,2.5,80%,Sim,0,2894,Rural,1
18,Masculino,1,0.7,80%,Sim,Falta de Apoio Escolar,2010,Urbana,1
17,Feminino,1,6.4,50%,Não,0,1157,Urbana,1
17,Feminino,2,2.5,60%,Não,0,1792,Rural,1
18,Masculino,3,4.5,90%,Sim,0,1896,Rural,1
15,Feminino,2,2.9,60%,Não,0,1435,Urbana,1
15,Masculino,2,9.2,50%,Sim,0,2404,Urbana,1
15,Masculino,3,4.5,70%,Sim,0,816,Urbana,0
16,Masculino,1,8.8,60%,Sim,0,1498,Rural,1
17,Feminino,2,0.4,70%,Sim,Problemas Financeiros,1682,Rural,1
15,Masculino,2,5.4,50%,Não,0,2781,Urbana,0
16,Feminino,2,4.5,70%,Sim,0,2275,Rural,1
17,Masculino,1,3.3,80%,Sim,Falta de Interesse,922,Urbana,1
18,Feminino,1,3.0,70%,Sim,Problemas Financeiros,1787,Rural,1
17,Feminino,3,2.7,90%,Sim,Falta de Interesse,2790,Rural,1
17,Masculino,2,2.0,90%,Não,0,2358,Urbana,0
18,Feminino,3,4.9,50%,Não,Falta de Interesse,2625,Urbana,1
16,Feminino,3,3.5,90%,Sim,Problemas Familiares,1800,Rural,1
15,Masculino,2,3.3,70%,Não,0,977,Urbana,1
15,Feminino,2,0.7,80%,Não,0,788,Rural,0
15,Feminino,3,0.1,50%,Não,0,2344,Rural,1
18,Feminino,1,9.1,60%,Não,0,2987,Urbana,1
18,Feminino,3,4.1,80%,Não,0,2528,Rural,1
15,Feminino,1,6.8,60%,Não,0,2988,Rural,1
17,Masculino,1,4.5,50%,Sim,Problemas de Saúde,586,Rural,1
17,Masculino,3,2.0,60%,Não,0,2777,Urbana,1
15,Feminino,2,9.3,80%,Não,Falta de Interesse,1073,Rural,1
15,Feminino,3,1.2,90%,Sim,Problemas Financeiros,1450,Urbana,1
18,Feminino,3,4.8,50%,Sim,0,1562,Urbana,1
15,Feminino,1,0.9,90%,Não,0,1488,Rural,0
16,Masculino,3,2.3,90%,Sim,Problemas Familiares,1188,Urbana,1
17,Feminino,2,6.9,90%,Não,Outros,918,Urbana,1
15,Masculino,3,5.3,80%,Não,0,2229,Urbana,0
15,Masculino,3,5.5,70%,Sim,Outros,2786,Rural,1
18,Feminino,1,8.3,90%,Não,Falta de Apoio Familiar,645,Urbana,1
16,Masculino,2,0.6,70%,Não,0,2838,Urbana,1
18,Feminino,2,9.0,50%,Sim,0,641,Rural,1
15,Masculino,1,6.5,60%,Sim,Falta de Apoio Familiar,517,Urbana,1
17,Feminino,2,6.4,90%,Não,0,2057,Urbana,0
16,Feminino,2,0.3,70%,Sim,0,726,Urbana,0
16,Masculino,3,9.1,50%,Sim,Problemas Financeiros,1443,Rural,1
16,Feminino,1,0.3,80%,Não,0,1690,Urbana,0
18,Feminino,2,1.9,50%,Não,Problemas Familiares,1683,Urbana,1
15,Masculino,1,9.0,80%,Não,0,1360,Urbana,0
15,Feminino,3,1.3,60%,Não,Problemas Familiares,2650,Rural,1
15,Masculino,2,4.0,60%,Não,0,614,Rural,1
16,Masculino,1,7.6,70%,Sim,Problemas Financeiros,1764,Rural,1
16,Masculino,2,5.6,80%,Não,Problemas de Saúde,2360,Urbana,1
17,Masculino,1,7.3,80%,Sim,0,2969,Rural,1
16,Feminino,3,1.9,60%,Não,Problemas Familiares,1079,Urbana,1
15,Masculino,3,4.1,50%,Sim,Falta de Interesse,2569,Urbana,1
15,Masculino,2,5.0,50%,Sim,0,2697,Rural,1
16,Feminino,2,2.4,70%,Sim,0,1486,Urbana,0
17,Masculino,1,10.0,60%,Sim,0,2870,Urbana,0
16,Masculino,2,6.7,60%,Não,Problemas Financeiros,1556,Urbana,1
16,Masculino,3,8.8,90%,Não,0,729,Urbana,1
18,Feminino,3,3.9,70%,Não,Problemas Familiares,2197,Rural,1
16,Masculino,3,9.2,60%,Sim,Falta de Apoio Escolar,1751,Urbana,1
15,Feminino,2,2.5,90%,Sim,0,2478,Urbana,1
15,Masculino,1,1.6,80%,Sim,0,1428,Urbana,0
15,Masculino,3,7.9,90%,Não,0,2139,Urbana,0
18,Masculino,3,9.7,60%,Não,Problemas Financeiros,1669,Urbana,1
18,Masculino,2,0.6,50%,Sim,0,1405,Urbana,1
16,Feminino,2,1.0,70%,Sim,Problemas Familiares,2464,Rural,1
17,Feminino,2,3.2,80%,Sim,Falta de Apoio Familiar,2809,Urbana,1
16,Feminino,2,5.3,50%,Não,0,2666,Urbana,1
18,Masculino,1,7.0,70%,Não,0,821,Urbana,0
16,Masculino,2,9.6,80%,Sim,Falta de Interesse,735,Urbana,1
18,Feminino,1,1.2,80%,Sim,0,633,Rural,0
15,Feminino,1,3.6,60%,Não,0,2782,Rural,0
15,Masculino,3,2.7,90%,Não,Falta de Apoio Escolar,696,Rural,1
18,Feminino,3,8.1,50%,Sim,Falta de Interesse,1450,Urbana,1
16,Feminino,2,1.6,90%,Não,0,519,Rural,1
17,Masculino,3,8.8,60%,Sim,0,2534,Urbana,0
15,Feminino,1,7.7,60%,Sim,Problemas Financeiros,1153,Urbana,1
17,Feminino,2,8.8,50%,Não,Falta de Apoio Escolar,511,Rural,1
18,Masculino,2,9.7,80%,Sim,Problemas Familiares,1355,Urbana,1
18,Feminino,2,5.7,70%,Não,Problemas Familiares,1882,Urbana,1
17,Masculino,2,4.6,80%,Não,0,1066,Urbana,0
18,Feminino,3,4.9,90%,Não,Problemas de Saúde,1087,Rural,1
16,Feminino,2,9.0,50%,Não,0,2844,Urbana,0
16,Masculino,1,2.1,60%,Não,Problemas de Saúde,2537,Urbana,1
16,Masculino,2,3.8,80%,Sim,0,1107,Urbana,0
18,Masculino,3,6.4,50%,Sim,Problemas Familiares,1015,Rural,1
17,Masculino,1,7.2,70%,Sim,0,1003,Urbana,1
15,Feminino,3,0.6,60%,Sim,Falta de Apoio Familiar,1654,Rural,1
15,Feminino,3,9.8,80%,Não,0,2491,Rural,1
16,Masculino,3,3.3,60%,Não,Problemas Familiares,758,Urbana,1
15,Masculino,3,2.1,90%,Sim,0,781,Rural,1
18,Feminino,2,3.1,70%,Não,0,1913,Rural,1
17,Feminino,3,9.8,70%,Sim,Falta de Interesse,2564,Rural,1
18,Masculino,2,6.7,70%,Não,Problemas Financeiros,1638,Urbana,1
18,Masculino,2,2.5,90%,Sim,Falta de Interesse,636,Rural,1
17,Masculino,3,2.0,80%,Não,Problemas Financeiros,1221,Urbana,1
15,Feminino,1,0.7,80%,Sim,0,1644,Rural,1
17,Masculino,3,3.6,80%,Sim,Problemas Familiares,1090,Rural,1
18,Feminino,3,8.2,80%,Sim,Falta de Apoio Escolar,1089,Urbana,1
17,Masculino,2,2.8,80%,Sim,Problemas de Saúde,1068,Rural,1
17,Masculino,2,3.7,50%,Não,Falta de Apoio Escolar,2295,Rural,1
16,Feminino,2,7.6,90%,Sim,0,1839,Urbana,1
16,Masculino,2,7.0,70%,Não,Problemas Familiares,2915,Rural,1
18,Masculino,3,4.1,80%,Não,0,1524,Rural,0
18,Masculino,1,1.6,80%,Sim,0,1434,Rural,1
15,Feminino,1,8.9,70%,Sim,0,2407,Urbana,1
18,Feminino,1,5.8,70%,Não,Falta de Apoio Escolar,2184,Rural,1
15,Masculino,1,2.6,50%,Sim,Falta de Interesse,1332,Urbana,1
15,Masculino,2,2.4,90%,Não,0,823,Urbana,1
17,Masculino,3,4.5,60%,Sim,0,867,Rural,1
17,Feminino,2,4.0,50%,Sim,0,561,Rural,1
18,Masculino,2,0.7,60%,Não,0,2843,Rural,0
16,Masculino,3,9.4,50%,Não,0,1839,Rural,1
16,Feminino,3,7.9,90%,Não,0,708,Rural,0
15,Masculino,3,5.0,90%,Sim,0,973,Urbana,1
18,Feminino,2,3.3,60%,Não,Problemas Familiares,1005,Rural,1
15,Masculino,1,1.8,80%,Sim,0,1460,Rural,1
17,Masculino,2,1.7,80%,Não,Problemas Financeiros,789,Urbana,1
18,Feminino,2,2.4,80%,Sim,Problemas de Saúde,1805,Rural,1
18,Feminino,3,2.2,60%,Não,0,1192,Urbana,0
16,Masculino,2,7.1,80%,Sim,Problemas Financeiros,1188,Rural,1
18,Masculino,1,7.7,70%,Não,Problemas Financeiros,2966,Urbana,1
16,Feminino,1,3.6,70%,Sim,Falta de Apoio Familiar,2152,Urbana,1
18,Feminino,2,1.6,90%,Não,0,2076,Urbana,0
17,Feminino,3,6.4,60%,Não,Outros,1446,Rural,1
15,Masculino,2,3.3,80%,Não,Problemas de Saúde,2155,Rural,1
16,Masculino,1,9.3,70%,Sim,Falta de Interesse,2586,Rural,1
16,Masculino,1,7.9,80%,Sim,0,2695,Urbana,0
18,Masculino,2,9.9,50%,Não,Problemas Familiares,1673,Urbana,1
18,Masculino,1,8.9,80%,Sim,0,919,Urbana,1
18,Feminino,2,0.1,90%,Sim,Falta de Interesse,891,Urbana,1
16,Masculino,1,0.6,50%,Sim,0,1016,Urbana,0
16,Masculino,3,9.0,60%,Não,0,2601,Urbana,0
16,Masculino,1,1.2,80%,Não,0,893,Rural,0
18,Masculino,2,6.0,80%,Não,0,1464,Urbana,0
18,Masculino,2,3.5,50%,Não,0,2443,Urbana,0
17,Feminino,3,0.3,90%,Sim,0,592,Rural,0
17,Feminino,1,0.8,90%,Sim,0,612,Rural,0
17,Feminino,2,7.7,90%,Não,0,2481,Rural,1
15,Feminino,1,8.4,60%,Não,Problemas Familiares,2550,Rural,1
18,Feminino,3,3.6,50%,Não,Problemas Familiares,2301,Rural,1
18,Masculino,2,2.5,70%,Não,Falta de Interesse,2363,Rural,1
16,Masculino,3,4.9,60%,Não,0,649,Urbana,1
17,Feminino,2,1.5,90%,Não,0,1988,Rural,0
18,Feminino,1,6.2,90%,Não,0,1090,Rural,1
16,Feminino,2,7.4,80%,Não,Problemas Financeiros,2503,Urbana,1
18,Feminino,3,7.0,60%,Não,Falta de Interesse,1600,Urbana,1
18,Feminino,2,9.3,50%,Sim,0,1859,Rural,1
16,Feminino,3,6.0,90%,Não,Problemas Financeiros,1223,Urbana,1
16,Feminino,2,6.0,70%,Não,0,2102,Urbana,1
16,Feminino,3,7.4,80%,Sim,Falta de Apoio Familiar,1284,Rural,1
15,Masculino,1,7.3,50%,Sim,0,831,Urbana,1
17,Masculino,2,2.8,50%,Não,0,877,Urbana,1
17,Masculino,1,8.0,50%,Sim,Falta de Apoio Familiar,1853,Rural,1
15,Feminino,2,9.0,80%,Sim,Falta de Apoio Escolar,1546,Rural,1
16,Feminino,2,7.8,70%,Não,0,2824,Rural,1
16,Feminino,1,8.5,90%,Sim,0,1117,Rural,1
15,Feminino,3,8.5,80%,Sim,0,1848,Urbana,0
18,Masculino,1,2.5,80%,Não,0,1603,Urbana,1
15,Masculino,1,8.3,70%,Não,Problemas Familiares,1941,Rural,1
15,Feminino,2,7.2,50%,Não,0,1379,Urbana,1
18,Masculino,3,3.2,90%,Sim,0,1405,Urbana,1
17,Feminino,3,6.7,60%,Sim,0,869,Urbana,0
16,Feminino,1,6.7,50%,Sim,0,1115,Rural,1
17,Feminino,1,8.0,50%,Sim,Problemas Familiares,2459,Rural,1
16,Feminino,3,0.0,70%,Não,Outros,2468,Urbana,1
17,Feminino,1,6.5,60%,Não,Problemas Financeiros,1824,Urbana,1
15,Masculino,2,6.7,90%,Sim,0,1118,Urbana,1
17,Masculino,2,5.8,90%,Sim,Problemas Familiares,2805,Urbana,1
15,Masculino,1,7.8,90%,Não,Falta de Interesse,2492,Rural,1
16,Masculino,2,1.4,70%,Sim,0,1780,Urbana,0
16,Feminino,3,3.0,60%,Sim,0,2687,Urbana,1
16,Masculino,1,7.6,60%,Sim,0,978,Rural,1
15,Masculino,2,3.4,50%,Sim,0,2399,Urbana,1
18,Masculino,1,6.0,80%,Não,0,1353,Urbana,0
15,Masculino,3,6.2,60%,Sim,0,2293,Urbana,1
18,Feminino,2,3.0,90%,Sim,Outros,2030,Urbana,1
15,Feminino,3,4.6,90%,Não,0,1456,Rural,1
15,Feminino,1,6.8,80%,Não,0,1094,Urbana,1
15,Feminino,1,7.7,80%,Sim,Falta de Apoio Escolar,1384,Rural,1
15,Feminino,2,6.5,50%,Sim,Problemas Financeiros,1115,Urbana,1
16,Masculino,3,3.9,50%,Não,0,1548,Rural,0
18,Feminino,1,0.3,70%,Sim,0,2616,Urbana,1
18,Masculino,3,9.0,90%,Não,0,1730,Rural,1
15,Masculino,3,0.1,70%,Sim,0,2804,Urbana,0
18,Feminino,2,1.0,90%,Sim,Problemas de Saúde,1172,Urbana,1
17,Feminino,3,7.8,70%,Não,0,1265,Urbana,0
17,Feminino,1,0.6,50%,Sim,0,1255,Urbana,1
16,Feminino,1,8.9,60%,Não,Problemas de Saúde,697,Urbana,1
16,Feminino,2,9.0,80%,Sim,0,2450,Rural,0
16,Masculino,3,0.6,90%,Sim,0,1187,Rural,0
17,Masculino,1,9.5,50%,Não,Outros,2022,Rural,1
16,Feminino,1,5.1,50%,Não,Problemas Familiares,873,Rural,1
16,Masculino,2,0.0,50%,Sim,0,2546,Urbana,1
15,Masculino,3,5.2,70%,Não,Problemas de Saúde,1554,Urbana,1
16,Feminino,3,3.8,80%,Sim,Problemas Familiares,2973,Rural,1
17,Feminino,3,9.9,50%,Sim,0,2613,Urbana,1
16,Feminino,1,2.6,70%,Sim,0,1249,Rural,0
16,Masculino,1,4.5,50%,Não,Problemas Financeiros,1573,Urbana,1
15,Masculino,2,0.9,70%,Sim,0,872,Urbana,1
15,Feminino,1,8.8,60%,Não,0,2612,Rural,1
16,Feminino,2,0.4,70%,Sim,0,2598,Urbana,0
16,Masculino,2,7.7,90%,Não,0,1083,Urbana,0
17,Masculino,3,2.8,80%,Não,Falta de Interesse,2062,Urbana,1
18,Masculino,2,1.4,70%,Não,Problemas Financeiros,2003,Rural,1
18,Feminino,3,7.0,80%,Sim,Falta de Interesse,1650,Urbana,1
16,Feminino,3,6.2,70%,Não,Problemas de Saúde,2684,Rural,1
18,Masculino,1,0.4,80%,Não,Falta de Apoio Escolar,1425,Rural,1
18,Feminino,1,3.9,60%,Sim,Outros,540,Rural,1
18,Masculino,2,5.6,90%,Não,0,1357,Rural,1
17,Feminino,2,3.6,90%,Não,0,1996,Rural,0
17,Masculino,2,6.3,90%,Sim,0,1298,Urbana,1
16,Feminino,2,4.6,70%,Não,0,1949,Urbana,1
17,Feminino,1,6.5,90%,Não,Problemas Financeiros,1904,Urbana,1
18,Feminino,2,6.1,50%,Sim,0,2395,Urbana,0
17,Feminino,3,2.0,50%,Sim,Problemas Financeiros,2363,Urbana,1
15,Masculino,1,3.4,90%,Não,Falta de Apoio Familiar,2138,Rural,1
18,Masculino,3,3.0,90%,Sim,0,1817,Urbana,0
18,Masculino,2,9.8,70%,Sim,Problemas Familiares,2991,Urbana,1
16,Feminino,1,2.4,90%,Sim,Problemas de Saúde,1172,Rural,1
16,Feminino,3,2.3,80%,Sim,0,1253,Urbana,1
16,Feminino,1,0.6,60%,Sim,Problemas de Saúde,1267,Rural,1
17,Feminino,3,9.5,70%,Sim,0,2524,Rural,0
16,Masculino,1,4.8,70%,Não,Problemas Financeiros,887,Urbana,1
16,Masculino,3,9.9,50%,Sim,Problemas Familiares,2075,Urbana,1
16,Masculino,3,7.5,70%,Sim,Falta de Apoio Escolar,921,Urbana,1
17,Masculino,3,0.3,70%,Não,Problemas Familiares,2030,Rural,1
15,Masculino,1,8.0,60%,Sim,0,1015,Rural,1
18,Masculino,3,9.1,80%,Não,0,1023,Rural,0
16,Feminino,3,7.4,60%,Não,0,1634,Urbana,1
15,Feminino,2,2.7,80%,Não,Falta de Apoio Familiar,1664,Rural,1
18,Masculino,3,1.5,50%,Não,0,2388,Rural,0
16,Feminino,2,1.9,60%,Não,0,2459,Urbana,0
16,Masculino,1,9.9,60%,Sim,Problemas de Saúde,1066,Urbana,1
17,Masculino,3,5.0,60%,Não,0,1578,Rural,0
15,Feminino,1,10.0,90%,Não,0,2379,Urbana,0
17,Masculino,2,6.6,90%,Sim,0,1211,Rural,1
18,Feminino,2,9.3,60%,Sim,0,2223,Rural,1
15,Masculino,1,6.4,70%,Não,0,982,Rural,1
17,Masculino,3,2.5,50%,Sim,Falta de Apoio Escolar,2305,Urbana,1
15,Masculino,1,3.2,70%,Sim,0,1554,Urbana,0
17,Masculino,2,9.0,50%,Não,0,1163,Rural,1
15,Feminino,2,9.2,50%,Não,0,1429,Rural,0
15,Masculino,3,6.4,90%,Sim,Outros,1402,Rural,1
18,Masculino,2,1.0,50%,Sim,0,2572,Rural,1
18,Feminino,3,2.6,60%,Sim,Problemas de Saúde,1558,Urbana,1
18,Feminino,3,1.8,60%,Não,0,2140,Urbana,0
15,Masculino,3,6.2,50%,Não,Falta de Interesse,941,Urbana,1
15,Masculino,2,1.5,90%,Sim,Falta de Interesse,858,Urbana,1
18,Feminino,1,4.4,70%,Sim,0,957,Urbana,0
16,Masculino,1,5.5,90%,Sim,Falta de Apoio Familiar,1164,Rural,1
18,Feminino,2,2.3,90%,Não,Problemas Familiares,2257,Urbana,1
17,Masculino,1,2.3,70%,Não,Outros,2041,Rural,1
18,Feminino,1,2.7,60%,Não,0,1764,Rural,1
15,Masculino,2,9.0,80%,Não,Falta de Interesse,1976,Rural,1
18,Feminino,1,5.6,90%,Sim,0,2274,Rural,0
15,Feminino,2,1.3,60%,Sim,0,2586,Rural,1
18,Feminino,3,2.1,50%,Não,Problemas Financeiros,2932,Rural,1
18,Masculino,3,9.4,90%,Não,0,2754,Rural,1
16,Feminino,1,3.7,90%,Sim,0,2776,Rural,0
17,Masculino,2,3.5,50%,Sim,Outros,2470,Urbana,1
16,Feminino,3,4.7,80%,Sim,0,528,Urbana,1
15,Feminino,2,3.9,80%,Não,0,1923,Rural,1
15,Masculino,2,3.4,70%,Sim,0,1206,Rural,1
18,Masculino,2,3.7,50%,Sim,Falta de Interesse,1147,Rural,1
15,Masculino,1,8.7,60%,Sim,Problemas Familiares,2501,Rural,1
18,Feminino,3,6.9,60%,Sim,Problemas Familiares,2195,Urbana,1
15,Feminino,1,0.2,80%,Sim,Outros,541,Urbana,1
15,Masculino,2,9.6,70%,Não,0,1987,Urbana,0
16,Masculino,3,8.2,70%,Não,0,882,Rural,1
15,Masculino,1,9.2,60%,Não,Problemas Familiares,682,Rural,1
17,Masculino,3,2.4,70%,Não,0,2344,Rural,1
17,Masculino,1,6.9,80%,Não,Falta de Apoio Escolar,2666,Urbana,1
17,Masculino,2,9.8,80%,Sim,0,2284,Urbana,1
15,Feminino,3,1.3,70%,Sim,0,1939,Urbana,1
15,Masculino,2,7.5,80%,Sim,Falta de Interesse,586,Rural,1
17,Masculino,2,2.4,80%,Sim,0,1648,Urbana,0
15,Masculino,3,5.1,70%,Não,0,1336,Rural,0
17,Masculino,3,2.5,80%,Não,0,2746,Rural,0
18,Feminino,1,6.5,50%,Não,0,2616,Rural,1
17,Masculino,1,6.9,80%,Não,0,2516,Urbana,0
18,Masculino,2,0.4,90%,Não,0,1732,Rural,0
18,Masculino,1,5.5,60%,Sim,0,1010,Rural,0
15,Feminino,3,6.4,50%,Sim,0,1962,Urbana,0
16,Feminino,3,5.7,70%,Sim,Problemas Familiares,2139,Rural,1
16,Masculino,3,2.7,60%,Não,Problemas Financeiros,1521,Rural,1
16,Feminino,2,2.2,90%,Sim,Problemas Familiares,1771,Rural,1
15,Masculino,1,1.5,60%,Sim,0,628,Rural,1
15,Masculino,1,7.6,80%,Não,0,2111,Urbana,0
18,Masculino,1,7.9,60%,Não,0,1576,Rural,1
18,Feminino,1,5.5,70%,Sim,0,1733,Rural,1
16,Masculino,1,5.3,80%,Não,0,1885,Rural,0
18,Masculino,1,3.6,80%,Sim,Falta de Apoio Escolar,1187,Urbana,1
15,Masculino,1,0.8,90%,Não,Problemas de Saúde,2584,Urbana,1
18,Feminino,2,9.8,60%,Não,0,1912,Rural,1
15,Feminino,1,8.7,90%,Não,Falta de Apoio Familiar,2287,Rural,1
16,Feminino,1,2.1,80%,Sim,Problemas Financeiros,1509,Rural,1
17,Masculino,1,4.2,80%,Não,0,2751,Urbana,0
17,Masculino,2,6.5,90%,Sim,0,721,Urbana,0
15,Feminino,1,5.5,80%,Sim,Problemas Familiares,1247,Rural,1
17,Masculino,2,2.5,60%,Não,Falta de Interesse,690,Rural,1
16,Feminino,2,3.2,50%,Sim,Falta de Apoio Escolar,1185,Urbana,1
18,Feminino,2,7.9,90%,Sim,Falta de Interesse,2334,Rural,1
18,Masculino,3,1.6,70%,Não,Falta de Apoio Escolar,2708,Urbana,1
18,Masculino,1,0.8,50%,Não,0,1397,Urbana,1
16,Masculino,3,5.1,70%,Não,0,1248,Urbana,0
17,Masculino,1,2.2,80%,Não,Problemas Familiares,1699,Rural,1
16,Masculino,2,2.3,50%,Não,0,1822,Urbana,0
17,Masculino,2,5.3,80%,Sim,Outros,864,Urbana,1
18,Masculino,1,5.0,80%,Não,0,926,Rural,0
17,Masculino,1,9.3,90%,Sim,0,2268,Rural,1
16,Feminino,2,5.0,70%,Sim,0,1499,Urbana,1
17,Masculino,1,2.0,60%,Sim,Problemas Financeiros,2141,Urbana,1
15,Feminino,3,8.2,80%,Sim,0,909,Urbana,0
18,Feminino,1,6.7,90%,Sim,0,628,Urbana,1
16,Masculino,1,5.5,80%,Sim,Falta de Interesse,2671,Urbana,1
15,Masculino,3,5.9,90%,Sim,Falta de Apoio Escolar,2853,Urbana,1
18,Masculino,1,9.0,50%,Não,0,2971,Rural,0
18,Feminino,2,5.8,80%,Sim,Falta de Apoio Familiar,886,Urbana,1
18,Feminino,3,4.2,80%,Sim,Problemas de Saúde,1722,Urbana,1
18,Feminino,1,7.0,80%,Sim,0,1281,Rural,0
16,Masculino,3,3.6,90%,Não,0,2312,Urbana,0
18,Masculino,3,9.7,80%,Sim,Problemas Familiares,1384,Rural,1
17,Feminino,2,7.8,85%,Sim,Problemas de Saúde,1500,Urbana,1
16,Masculino,1,6.0,70%,Não,0,1900,Rural,1
17,Masculino,2,5.3,60%,Não,Problemas Familiares,1100,Urbana,1
15,Feminino,1,8.5,95%,Sim,0,2000,Urbana,1
17,Feminino,3,6.7,90%,Sim,0,950,Rural,0
18,Masculino,3,5.6,75%,Sim,0,800,Urbana,0
16,Feminino,2,7.0,85%,Sim,Falta de Apoio Escolar,1800,Urbana,1
17,Masculino,3,6.8,80%,Não,Problemas Financeiros,2400,Rural,1
15,Feminino,1,9.2,95%,Sim,0,3000,Urbana,1
16,Masculino,2,4.8,70%,Não,Problemas Financeiros,700,Urbana,1
16,Feminino,3,8.1,85%,Sim,0,2200,Rural,1
17,Feminino,1,5.5,80%,Sim,Falta de Interesse,1000,Urbana,1
15,Masculino,2,4.2,60%,Não,Falta de Apoio Familiar,500,Urbana,1
18,Feminino,3,6.9,90%,Sim,Falta de Apoio Familiar,1200,Rural,1
17,Masculino,1,5.0,75%,Não,Problemas Familiares,900,Urbana,1
16,Feminino,3,8.0,90%,Sim,0,1500,Rural,0
18,Masculino,2,6.3,85%,Sim,0,1100,Urbana,1
15,Feminino,1,7.4,95%,Sim,Falta de Apoio Escolar,2500,Rural,1
16,Feminino,2,6.8,80%,Sim,Falta de Interesse,800,Urbana,1
18,Masculino,3,9.1,85%,Sim,0,1400,Rural,0
17,Feminino,1,6.2,75%,Sim,0,1300,Urbana,1
15,Masculino,3,7.6,90%,Não,0,2700,Urbana,0
18,Feminino,2,5.9,85%,Sim,Falta de Interesse,600,Rural,1
16,Feminino,1,6.3,80%,Sim,0,1700,Urbana,0
17,Masculino,2,7.1,90%,Sim,0,1400,Rural,0
18,Feminino,3,8.4,85%,Sim,0,2100,Urbana,1
15,Masculino,2,5.5,75%,Não,Falta de Interesse,1000,Urbana,1
16,Feminino,3,7.8,90%,Sim,0,1900,Rural,0
18,Masculino,1,9.0,80%,Sim,Problemas de Saúde,1200,Urbana,1
15,Feminino,3,6.6,85%,Sim,0,900,Rural,0
15,Masculino,2,9.5,80%,Sim,Falta de Apoio Familiar,2533,Urbana,1
17,Masculino,3,5.9,80%,Não,0,712,Urbana,1
16,Feminino,2,4.7,95%,Sim,0,2739,Urbana,1
18,Masculino,1,9.8,85%,Sim,0,2748,Urbana,1
16,Masculino,1,5.8,80%,Sim,0,1250,Rural,0
17,Feminino,1,6.9,90%,Não,Falta de Apoio Familiar,2655,Urbana,1
15,Feminino,2,5.8,85%,Não,0,1583,Rural,0
15,Masculino,3,6.3,95%,Sim,0,1227,Rural,0
18,Feminino,2,4.0,95%,Sim,0,2830,Rural,0
16,Masculino,2,4.8,85%,Sim,Problemas de Saúde,2527,Rural,1
18,Feminino,2,9.8,75%,Não,Problemas de Saúde,650,Rural,1
17,Masculino,3,7.0,80%,Não,Problemas Familiares,1528,Rural,1
18,Feminino,2,5.4,60%,Sim,Falta de Interesse,1489,Rural,1
17,Masculino,3,7.9,60%,Não,0,2137,Urbana,0
16,Masculino,1,5.9,90%,Não,0,1872,Urbana,0
18,Feminino,2,7.3,50%,Sim,Problemas Financeiros,663,Urbana,1
15,Feminino,2,9.1,95%,Sim,Outros,2669,Rural,1
18,Feminino,1,4.3,95%,Sim,0,2141,Urbana,0
15,Feminino,1,4.2,95%,Sim,0,2190,Urbana,1
16,Masculino,3,7.4,70%,Sim,0,2580,Rural,1
16,Masculino,3,4.5,70%,Sim,0,2645,Rural,1
18,Feminino,2,7.4,80%,Não,0,2126,Rural,1
18,Masculino,3,9.3,95%,Sim,0,2598,Urbana,1
16,Feminino,1,5.5,95%,Não,0,1973,Urbana,0
15,Masculino,3,5.1,60%,Sim,Falta de Apoio Familiar,2211,Rural,1
17,Feminino,2,8.1,90%,Sim,0,2389,Urbana,1
17,Masculino,1,6.9,70%,Sim,0,921,Rural,1
18,Feminino,1,8.7,90%,Sim,Problemas de Saúde,2041,Rural,1
16,Masculino,1,6.7,90%,Não,0,854,Urbana,0
16,Feminino,3,4.9,90%,Sim,Falta de Apoio Familiar,632,Rural,1
15,Feminino,1,5.9,50%,Não,Outros,866,Rural,1
16,Masculino,3,9.8,70%,Sim,0,1992,Rural,1
18,Feminino,2,5.5,90%,Sim,0,872,Urbana,1
16,Feminino,2,6.0,70%,Sim,Problemas Financeiros,2443,Rural,1
16,Feminino,2,5.5,75%,Sim,0,2508,Rural,1
16,Feminino,1,6.2,80%,Sim,0,907,Urbana,1
17,Masculino,3,9.3,70%,Sim,Problemas Financeiros,1667,Rural,1
16,Masculino,2,4.4,85%,Não,Problemas Financeiros,2402,Rural,1
15,Feminino,1,5.3,85%,Não,0,2905,Urbana,0
16,Feminino,1,6.1,95%,Não,0,1599,Rural,1
18,Masculino,2,4.3,70%,Não,Falta de Interesse,2856,Rural,1
16,Masculino,1,8.8,75%,Sim,0,1084,Rural,1
15,Masculino,1,4.7,60%,Não,Falta de Apoio Familiar,1623,Rural,1
17,Feminino,2,5.0,80%,Não,0,2900,Urbana,1
18,Feminino,3,9.1,60%,Sim,Problemas Financeiros,2720,Urbana,1
17,Feminino,2,8.7,95%,Não,0,1051,Rural,1
18,Feminino,3,6.5,60%,Sim,0,2840,Rural,1
15,Masculino,1,7.7,60%,Sim,0,1065,Rural,1
16,Masculino,3,5.2,90%,Não,Falta de Interesse,1614,Urbana,1
17,Masculino,1,9.3,70%,Não,0,1043,Rural,1
15,Feminino,1,5.7,95%,Não,Outros,1715,Rural,1
18,Masculino,1,5.9,70%,Não,Problemas Financeiros,2533,Urbana,1
17,Masculino,1,6.2,70%,Não,0,1572,Urbana,1
15,Masculino,2,8.1,95%,Não,0,2407,Rural,1
18,Feminino,2,5.1,60%,Não,0,1483,Urbana,1
16,Masculino,2,6.3,70%,Não,Problemas Financeiros,532,Urbana,1
17,Masculino,1,4.9,60%,Sim,Problemas Familiares,1716,Urbana,1
15,Feminino,3,5.7,90%,Não,Outros,994,Rural,1
17,Feminino,1,9.5,70%,Sim,Problemas Familiares,1078,Rural,1
15,Masculino,1,6.3,80%,Não,Problemas Familiares,2420,Rural,1
17,Feminino,3,7.4,60%,Sim,Falta de Interesse,1688,Urbana,1
17,Feminino,1,9.0,50%,Não,Outros,1347,Rural,1
16,Feminino,3,5.3,90%,Não,0,1171,Rural,0
15,Masculino,3,5.2,95%,Não,0,2509,Urbana,0
18,Feminino,2,8.0,75%,Sim,Falta de Apoio Escolar,2183,Rural,1
18,Masculino,3,5.4,85%,Sim,Problemas Financeiros,1680,Rural,1
18,Feminino,3,9.7,60%,Sim,0,2832,Rural,1
17,Feminino,3,4.8,60%,Não,0,760,Rural,1
17,Masculino,3,4.3,60%,Não,0,1626,Rural,1
16,Masculino,3,8.1,70%,Sim,0,1143,Rural,0
15,Masculino,1,4.7,75%,Não,Falta de Interesse,1074,Urbana,1
16,Feminino,3,6.2,85%,Sim,Problemas Financeiros,659,Rural,1
16,Feminino,1,7.1,90%,Não,Falta de Apoio Familiar,1465,Rural,1
16,Masculino,3,7.3,50%,Não,0,2837,Urbana,0
16,Feminino,2,6.7,95%,Não,Falta de Interesse,2369,Rural,1
16,Feminino,1,7.0,60%,Sim,Falta de Apoio Escolar,559,Rural,1
16,Feminino,3,6.1,60%,Sim,0,2507,Rural,1
16,Masculino,2,5.1,90%,Não,Problemas Familiares,972,Rural,1
15,Feminino,1,6.5,70%,Não,0,2946,Rural,1
15,Masculino,2,7.2,95%,Sim,0,2235,Urbana,0
16,Feminino,3,6.2,70%,Não,0,2508,Rural,1
16,Masculino,3,5.3,50%,Sim,Problemas de Saúde,2142,Urbana,1
16,Masculino,1,7.4,75%,Sim,0,1137,Urbana,1
15,Feminino,2,9.0,50%,Sim,0,2780,Urbana,1
17,Feminino,3,7.5,85%,Não,Problemas de Saúde,2925,Rural,1
17,Masculino,2,4.8,90%,Sim,Falta de Interesse,2765,Urbana,1
17,Masculino,2,5.4,80%,Sim,Falta de Apoio Familiar,1232,Urbana,1
17,Masculino,2,5.0,85%,Não,0,2675,Urbana,1
17,Feminino,2,6.8,75%,Não,0,2884,Rural,0
17,Feminino,1,4.9,85%,Sim,0,1264,Rural,1
16,Masculino,3,7.4,80%,Não,0,2225,Rural,0
17,Masculino,3,5.7,95%,Sim,Problemas Familiares,2907,Rural,1
17,Masculino,3,4.4,80%,Não,Falta de Apoio Escolar,1735,Rural,1
18,Feminino,3,5.4,50%,Sim,Problemas Familiares,1011,Rural,1
16,Masculino,2,6.1,95%,Não,Falta de Interesse,507,Urbana,1
16,Feminino,3,8.4,70%,Não,Outros,1340,Urbana,1
17,Feminino,3,7.5,50%,Não,0,2294,Rural,1
17,Feminino,3,8.4,90%,Sim,0,989,Rural,1
15,Feminino,1,6.3,80%,Não,Falta de Interesse,1180,Rural,1
18,Feminino,2,4.2,75%,Não,0,1536,Rural,0
16,Feminino,2,4.4,70%,Não,Falta de Apoio Familiar,840,Urbana,1
15,Feminino,1,5.6,85%,Não,0,1019,Urbana,0
16,Masculino,2,8.5,70%,Não,Problemas Familiares,2441,Rural,1
18,Masculino,2,8.3,90%,Sim,0,1119,Urbana,1
15,Feminino,2,10.0,70%,Não,Falta de Apoio Escolar,2452,Urbana,1
17,Feminino,2,5.5,75%,Sim,Problemas de Saúde,2886,Rural,1
16,Feminino,2,9.4,95%,Não,Falta de Apoio Escolar,2328,Rural,1
15,Feminino,2,6.0,80%,Sim,Falta de Interesse,1153,Rural,1
17,Masculino,1,4.5,75%,Não,0,2926,Urbana,0
15,Feminino,1,7.1,90%,Não,0,1707,Urbana,0
17,Feminino,1,5.4,85%,Sim,0,580,Urbana,0
15,Masculino,1,6.6,60%,Não,Falta de Apoio Escolar,1830,Urbana,1
17,Masculino,1,8.4,70%,Não,Problemas de Saúde,1657,Rural,1
17,Masculino,2,6.4,75%,Sim,0,2980,Rural,0
15,Masculino,1,7.2,80%,Sim,0,1703,Urbana,0
16,Feminino,3,5.7,90%,Não,0,1057,Rural,1
17,Masculino,1,6.2,50%,Sim,0,1841,Urbana,0
15,Feminino,2,7.7,70%,Sim,Problemas de Saúde,2550,Urbana,1
18,Feminino,1,6.4,60%,Não,Problemas Financeiros,2032,Urbana,1
17,Feminino,2,9.1,75%,Sim,0,793,Urbana,1
18,Feminino,2,7.6,80%,Sim,Problemas de Saúde,1014,Rural,1
15,Masculino,3,6.5,95%,Não,0,2110,Urbana,0
17,Masculino,1,5.0,70%,Sim,0,1725,Urbana,0
17,Masculino,3,9.0,60%,Sim,0,662,Rural,1
15,Masculino,1,7.6,95%,Não,Falta de Interesse,2830,Rural,1
18,Feminino,2,8.8,70%,Sim,Problemas Familiares,1273,Rural,1
17,Feminino,3,8.7,85%,Não,0,1130,Rural,0
16,Masculino,3,5.8,95%,Não,0,1965,Rural,0
15,Feminino,1,5.2,95%,Sim,Problemas de Saúde,1207,Urbana,1
18,Masculino,3,9.3,75%,Não,Problemas Financeiros,1007,Rural,1
17,Masculino,1,8.0,80%,Sim,Problemas Financeiros,2693,Urbana,1
17,Masculino,2,9.5,80%,Sim,0,2978,Rural,1
18,Feminino,3,9.4,80%,Não,0,2160,Rural,0
15,Masculino,3,4.9,90%,Não,Falta de Apoio Escolar,1078,Urbana,1
17,Feminino,2,9.5,50%,Não,Problemas Familiares,1053,Rural,1
16,Masculino,1,9.4,60%,Sim,0,2026,Urbana,1
15,Feminino,1,9.8,60%,Sim,Falta de Apoio Familiar,742,Urbana,1
17,Feminino,2,4.7,85%,Não,Outros,748,Urbana,1
15,Masculino,3,5.1,60%,Sim,0,583,Urbana,0
16,Feminino,2,5.1,75%,Não,0,1087,Rural,0
17,Feminino,2,7.4,95%,Não,Problemas Financeiros,2931,Urbana,1
16,Feminino,1,5.3,50%,Sim,0,2605,Rural,1
15,Masculino,2,6.2,95%,Não,0,929,Rural,1
16,Masculino,2,7.2,85%,Não,0,2274,Urbana,0
15,Masculino,1,5.7,70%,Não,0,941,Rural,1
15,Feminino,2,8.9,85%,Sim,0,673,Rural,1
18,Masculino,2,5.8,80%,Não,Outros,2675,Rural,1
15,Masculino,3,9.3,95%,Sim,Falta de Interesse,1597,Rural,1
17,Feminino,2,9.1,95%,Sim,Problemas de Saúde,665,Urbana,1
18,Masculino,3,4.9,75%,Sim,Outros,821,Rural,1
17,Feminino,2,9.9,80%,Não,0,1528,Rural,1
17,Feminino,1,6.4,90%,Sim,0,2756,Rural,1
18,Masculino,3,5.3,95%,Sim,0,1676,Rural,1
17,Masculino,2,6.5,60%,Sim,0,2670,Rural,1
16,Masculino,2,5.6,90%,Sim,0,539,Rural,1
15,Feminino,2,5.6,60%,Não,Problemas Financeiros,2762,Urbana,1
16,Masculino,3,9.1,70%,Não,0,2179,Urbana,1
15,Masculino,3,4.1,60%,Sim,0,2126,Rural,1
17,Masculino,1,5.6,75%,Sim,Falta de Apoio Familiar,1315,Urbana,1
17,Feminino,2,8.2,80%,Não,Problemas Familiares,1303,Urbana,1
15,Masculino,1,5.6,75%,Não,Falta de Apoio Escolar,1296,Rural,1
17,Feminino,1,6.2,95%,Sim,0,1374,Urbana,1
15,Feminino,3,6.9,85%,Não,0,1952,Urbana,1
15,Feminino,2,7.1,80%,Não,Falta de Apoio Familiar,2122,Urbana,1
18,Masculino,1,4.4,90%,Não,Falta de Interesse,1668,Rural,1
16,Feminino,3,9.6,50%,Sim,Falta de Interesse,2695,Urbana,1
16,Feminino,2,4.2,70%,Sim,0,1467,Rural,0
15,Masculino,1,4.6,70%,Não,Problemas Familiares,1766,Rural,1
18,Masculino,2,8.4,75%,Não,0,2110,Urbana,0
16,Masculino,1,6.4,75%,Não,Problemas de Saúde,2052,Rural,1
17,Masculino,3,9.3,80%,Sim,0,929,Urbana,0
17,Feminino,3,4.6,50%,Não,0,915,Urbana,1
15,Feminino,1,8.9,50%,Não,Outros,1391,Urbana,1
18,Masculino,1,6.9,80%,Não,Falta de Apoio Escolar,2735,Rural,1
15,Masculino,1,8.8,95%,Sim,0,1873,Urbana,1
18,Masculino,2,9.0,90%,Sim,Falta de Apoio Familiar,2386,Rural,1
18,Feminino,2,4.8,95%,Sim,0,2477,Rural,0
18,Masculino,1,6.6,85%,Sim,Falta de Apoio Escolar,2553,Urbana,1
17,Masculino,2,7.6,95%,Não,Problemas de Saúde,2968,Rural,1
18,Feminino,2,4.2,90%,Sim,Falta de Apoio Familiar,2788,Urbana,1
16,Masculino,2,9.9,70%,Sim,Problemas de Saúde,2629,Urbana,1
15,Feminino,2,7.6,85%,Não,0,1765,Rural,0
18,Feminino,1,5.6,50%,Não,0,2715,Rural,1
18,Feminino,2,6.0,70%,Sim,Falta de Apoio Escolar,657,Urbana,1
16,Masculino,3,4.8,80%,Não,Falta de Apoio Familiar,2632,Urbana,1
17,Feminino,1,8.6,95%,Não,0,617,Rural,1
15,Feminino,3,6.8,90%,Sim,0,973,Urbana,1
18,Feminino,1,6.3,85%,Sim,Outros,1879,Rural,1
16,Masculino,2,7.2,85%,Sim,0,2031,Rural,1
16,Feminino,1,5.1,60%,Não,Problemas Financeiros,771,Urbana,1
16,Masculino,2,4.9,95%,Não,0,2705,Urbana,0
17,Feminino,2,9.9,90%,Não,0,1556,Rural,0
18,Feminino,3,9.8,95%,Não,Falta de Interesse,2120,Urbana,1
18,Feminino,2,4.8,60%,Sim,0,2275,Urbana,0
17,Masculino,2,5.3,95%,Não,0,2181,Rural,0
18,Feminino,1,5.7,50%,Não,0,2729,Urbana,0
15,Feminino,2,4.2,50%,Sim,Problemas Familiares,1393,Urbana,1
17,Feminino,1,5.0,85%,Não,Outros,2309,Rural,1
16,Feminino,2,6.2,50%,Não,Falta de Apoio Familiar,1472,Rural,1
18,Masculino,3,9.7,85%,Sim,Falta de Apoio Escolar,996,Rural,1
15,Feminino,3,8.8,85%,Sim,0,2627,Urbana,0
15,Feminino,3,7.4,95%,Sim,Problemas Familiares,1516,Urbana,1
18,Feminino,2,7.6,95%,Não,0,2925,Rural,0
17,Feminino,1,4.2,85%,Sim,0,1047,Urbana,1
16,Feminino,2,4.5,80%,Não,0,1031,Urbana,1
15,Masculino,1,8.2,80%,Não,Falta de Apoio Familiar,2018,Rural,1
18,Masculino,3,9.4,75%,Sim,Problemas Familiares,797,Rural,1
18,Feminino,1,9.5,70%,Sim,Falta de Apoio Familiar,2794,Urbana,1
16,Masculino,1,8.2,70%,Sim,Problemas Familiares,1676,Urbana,1
18,Feminino,2,7.0,90%,Sim,0,503,Urbana,0
18,Masculino,3,8.8,70%,Sim,0,2354,Rural,1
17,Feminino,2,9.4,60%,Sim,0,2556,Rural,1
16,Masculino,2,8.9,60%,Sim,0,2290,Rural,0
15,Feminino,1,6.5,70%,Não,0,1880,Urbana,1
16,Feminino,3,9.6,85%,Não,Falta de Interesse,2790,Rural,1
16,Masculino,1,4.6,60%,Sim,Falta de Apoio Escolar,2204,Rural,1
18,Masculino,2,4.7,95%,Não,Problemas Familiares,1615,Urbana,1
16,Masculino,1,6.1,50%,Sim,Falta de Apoio Escolar,1371,Urbana,1
16,Feminino,1,7.3,85%,Sim,0,2160,Rural,1
17,Feminino,3,4.1,50%,Sim,0,1718,Urbana,1
17,Masculino,2,7.6,80%,Sim,0,910,Rural,0
15,Masculino,1,4.8,50%,Sim,Falta de Apoio Familiar,2448,Urbana,1
18,Feminino,1,6.7,90%,Sim,0,2234,Urbana,0
18,Masculino,1,4.7,95%,Não,0,1484,Rural,1
18,Masculino,1,9.9,90%,Sim,Falta de Interesse,1281,Rural,1
17,Masculino,1,8.1,60%,Sim,0,617,Rural,0
16,Feminino,1,4.6,60%,Não,Falta de Apoio Escolar,2878,Urbana,1
17,Feminino,2,6.9,70%,Não,0,894,Urbana,1
15,Masculino,2,4.8,80%,Não,0,2837,Rural,1
15,Feminino,3,8.9,70%,Não,0,764,Urbana,1
15,Feminino,2,8.6,60%,Sim,Outros,510,Urbana,1
16,Masculino,2,6.8,90%,Sim,0,2485,Urbana,0
16,Masculino,3,4.9,95%,Não,0,1337,Rural,1
18,Feminino,1,8.8,75%,Não,Falta de Interesse,1128,Rural,1
15,Masculino,3,9.0,75%,Sim,0,668,Urbana,0
15,Masculino,2,8.1,70%,Não,Problemas de Saúde,1637,Urbana,1
18,Feminino,1,8.1,80%,Sim,0,1222,Urbana,0
18,Masculino,3,7.7,80%,Não,0,1377,Rural,1
15,Masculino,1,9.6,95%,Sim,Falta de Apoio Escolar,1073,Urbana,1
15,Masculino,2,7.8,85%,Sim,Problemas Familiares,1035,Urbana,1
15,Feminino,1,6.3,75%,Sim,Outros,1834,Rural,1
16,Feminino,3,5.8,50%,Sim,Problemas Familiares,2275,Urbana,1
17,Masculino,2,7.3,60%,Não,0,2730,Urbana,1
15,Feminino,3,8.9,60%,Sim,0,998,Rural,0
17,Feminino,3,8.8,95%,Não,Problemas Financeiros,1877,Rural,1
17,Feminino,2,9.4,75%,Sim,0,1455,Rural,0
18,Masculino,3,6.7,80%,Não,0,2218,Rural,1
15,Feminino,2,5.2,70%,Não,0,2151,Rural,1
18,Feminino,2,5.3,90%,Sim,0,2660,Urbana,1
15,Masculino,1,9.3,75%,Não,Falta de Apoio Escolar,1370,Rural,1
16,Masculino,1,9.8,70%,Sim,Falta de Interesse,1906,Rural,1
18,Feminino,3,4.8,50%,Sim,0,1022,Rural,1
18,Feminino,3,4.5,50%,Sim,0,1496,Rural,1
17,Masculino,3,5.5,85%,Não,0,1460,Urbana,0
18,Feminino,3,5.1,90%,Não,Falta de Apoio Escolar,2977,Rural,1
17,Feminino,2,8.1,75%,Sim,0,2808,Rural,1
18,Masculino,3,5.0,85%,Não,0,688,Urbana,1
17,Feminino,2,9.6,70%,Sim,Problemas Financeiros,721,Rural,1
17,Feminino,2,7.6,60%,Sim,0,2796,Urbana,1
16,Masculino,1,7.2,75%,Não,0,1804,Rural,1
17,Masculino,2,4.8,95%,Sim,0,2180,Rural,1
17,Feminino,3,7.4,70%,Não,Problemas Financeiros,1143,Rural,1
18,Masculino,2,9.1,95%,Sim,0,2063,Rural,1
18,Masculino,2,8.4,90%,Não,Falta de Apoio Familiar,1934,Rural,1
17,Masculino,1,5.7,90%,Não,Problemas Familiares,999,Urbana,1
18,Masculino,3,9.5,90%,Sim,0,2936,Rural,0
16,Masculino,3,6.7,60%,Não,0,2544,Rural,0
17,Masculino,1,9.5,60%,Não,Falta de Apoio Escolar,2762,Urbana,1
17,Masculino,3,4.5,50%,Não,Problemas Financeiros,1177,Rural,1
16,Masculino,3,9.6,70%,Não,Problemas de Saúde,1301,Urbana,1
18,Masculino,1,5.3,75%,Sim,0,2641,Rural,0
16,Feminino,3,9.2,85%,Não,Problemas Financeiros,1345,Rural,1
17,Masculino,1,9.7,90%,Sim,0,2584,Rural,0
15,Feminino,2,5.4,50%,Não,Problemas Financeiros,2601,Rural,1
17,Masculino,3,5.9,70%,Sim,0,877,Urbana,1
15,Masculino,1,9.6,85%,Não,0,2372,Urbana,0
16,Feminino,1,9.9,50%,Sim,Falta de Apoio Familiar,2167,Rural,1
18,Feminino,1,7.3,70%,Não,0,2454,Rural,0
18,Feminino,2,4.0,75%,Não,Problemas Financeiros,1287,Urbana,1
15,Feminino,1,5.4,50%,Sim,0,1832,Urbana,1
15,Feminino,1,8.9,70%,Não,Outros,2791,Rural,1
16,Feminino,3,6.4,50%,Sim,Outros,733,Urbana,1
17,Feminino,3,7.0,85%,Sim,0,2979,Urbana,0
18,Feminino,3,7.0,80%,Sim,Problemas Financeiros,1669,Rural,1
18,Masculino,1,4.8,90%,Não,Problemas Financeiros,2904,Urbana,1
18,Feminino,2,9.4,50%,Sim,0,2278,Urbana,1
16,Masculino,3,8.1,50%,Não,Problemas de Saúde,1495,Urbana,1
18,Masculino,3,9.5,70%,Não,0,2661,Rural,1
18,Masculino,2,6.4,80%,Sim,Problemas Familiares,960,Urbana,1
16,Masculino,3,8.4,50%,Não,Falta de Interesse,2479,Rural,1
18,Masculino,2,7.0,85%,Sim,0,1173,Urbana,1
16,Feminino,1,4.3,60%,Sim,0,547,Urbana,1
18,Feminino,2,4.9,80%,Não,0,1510,Urbana,0
18,Feminino,3,9.3,60%,Sim,Problemas de Saúde,1344,Rural,1
15,Feminino,1,4.2,50%,Sim,0,2983,Urbana,1
16,Feminino,1,10.0,60%,Sim,Problemas Financeiros,854,Urbana,1
17,Masculino,3,8.7,60%,Sim,Problemas de Saúde,1333,Rural,1
18,Feminino,3,4.1,85%,Sim,Problemas Financeiros,2995,Rural,1
15,Feminino,2,6.1,85%,Não,0,2780,Urbana,1
16,Masculino,2,4.8,95%,Sim,Problemas Familiares,2802,Urbana,1
16,Feminino,3,9.8,85%,Sim,0,835,Urbana,0
17,Masculino,1,8.4,80%,Não,Outros,724,Urbana,1
17,Feminino,1,9.4,50%,Não,0,2360,Urbana,1
18,Masculino,2,6.8,60%,Não,0,1561,Rural,1
16,Masculino,2,9.2,90%,Não,Problemas Financeiros,1181,Urbana,1
18,Masculino,1,5.2,95%,Não,0,2223,Rural,1
17,Feminino,3,7.2,75%,Sim,0,1359,Rural,0
16,Masculino,1,4.1,60%,Sim,0,815,Urbana,1
18,Masculino,1,6.6,50%,Sim,Falta de Apoio Escolar,1520,Rural,1
15,Feminino,1,4.3,50%,Não,Falta de Apoio Escolar,1040,Rural,1
16,Feminino,3,5.2,90%,Sim,Problemas Familiares,1048,Rural,1
16,Masculino,2,5.0,90%,Sim,0,2730,Urbana,1
17,Masculino,3,4.2,90%,Sim,0,1786,Rural,1
18,Feminino,1,9.9,80%,Não,Falta de Interesse,987,Urbana,1
18,Masculino,2,5.7,50%,Sim,Falta de Interesse,2268,Urbana,1
17,Masculino,3,5.4,95%,Não,Problemas Financeiros,1885,Rural,1
18,Feminino,1,6.4,95%,Não,Falta de Interesse,2603,Urbana,1
17,Masculino,1,5.5,90%,Sim,Problemas Financeiros,2881,Rural,1
17,Masculino,1,7.9,95%,Sim,0,2580,Rural,0
17,Masculino,2,8.9,70%,Sim,0,1719,Rural,0
15,Masculino,1,6.6,70%,Não,Falta de Apoio Escolar,2065,Urbana,1
17,Masculino,3,8.4,90%,Não,Problemas Financeiros,1033,Rural,1
15,Masculino,1,6.7,70%,Não,0,2020,Urbana,1
15,Feminino,3,9.6,95%,Não,Problemas de Saúde,1959,Urbana,1
17,Masculino,3,7.4,90%,Sim,Problemas de Saúde,2689,Urbana,1
16,Masculino,1,7.9,85%,Não,Problemas Familiares,1241,Rural,1
17,Masculino,3,4.9,90%,Sim,Problemas de Saúde,1120,Urbana,1
17,Feminino,1,5.4,85%,Sim,Falta de Apoio Escolar,2824,Urbana,1
18,Feminino,2,6.6,95%,Não,0,1346,Urbana,1
16,Masculino,2,8.8,85%,Sim,0,2483,Rural,1
17,Feminino,3,6.2,95%,Sim,Problemas Familiares,2505,Urbana,1
18,Feminino,3,7.4,80%,Não,Problemas Familiares,1815,Rural,1
17,Feminino,2,9.1,70%,Sim,Problemas de Saúde,2666,Rural,1
15,Masculino,2,8.6,90%,Não,Problemas de Saúde,2646,Urbana,1
16,Feminino,1,6.3,75%,Sim,Problemas Financeiros,2889,Rural,1
15,Feminino,3,5.9,80%,Não,Outros,500,Urbana,1
15,Masculino,2,6.1,70%,Sim,Falta de Interesse,2669,Rural,1
18,Masculino,2,8.8,80%,Não,0,1956,Urbana,1
15,Feminino,3,4.6,80%,Sim,0,1287,Urbana,0
17,Feminino,1,6.1,70%,Sim,0,2486,Rural,0
18,Feminino,3,6.5,95%,Não,0,522,Urbana,1
17,Feminino,2,9.8,50%,Não,0,794,Rural,0
15,Feminino,3,6.1,75%,Sim,Problemas Financeiros,1606,Rural,1
18,Masculino,2,6.7,60%,Não,0,2462,Urbana,1
17,Feminino,3,6.5,90%,Não,0,2581,Rural,0
16,Feminino,1,5.6,85%,Sim,0,980,Rural,1
15,Feminino,1,7.4,70%,Não,Problemas de Saúde,1539,Rural,1
17,Masculino,1,9.0,75%,Sim,0,1978,Urbana,0
16,Masculino,2,8.2,90%,Não,Problemas Financeiros,779,Urbana,1
16,Masculino,3,6.5,70%,Sim,0,1321,Urbana,0
16,Feminino,3,4.5,50%,Sim,Problemas Familiares,1175,Urbana,1
15,Masculino,3,6.2,70%,Não,Problemas de Saúde,2084,Rural,1
16,Feminino,1,8.7,90%,Sim,0,2333,Urbana,0
16,Feminino,1,9.2,95%,Não,Problemas Financeiros,1647,Rural,1
15,Masculino,2,9.0,80%,Não,0,2695,Rural,0
18,Feminino,2,9.8,50%,Sim,Falta de Apoio Escolar,1715,Urbana,1
16,Feminino,1,9.1,75%,Não,Problemas Financeiros,2670,Rural,1
15,Feminino,2,5.6,50%,Sim,Problemas Financeiros,1846,Rural,1
15,Masculino,2,7.7,70%,Sim,0,2936,Rural,0
18,Masculino,1,5.4,70%,Não,0,1432,Rural,1
16,Feminino,1,7.5,60%,Sim,Falta de Apoio Escolar,875,Urbana,1
17,Feminino,2,6.2,95%,Sim,0,2976,Rural,1
17,Masculino,3,4.7,90%,Não,0,1798,Rural,1
18,Feminino,3,5.5,80%,Sim,0,1892,Urbana,1
18,Feminino,1,8.2,50%,Sim,Falta de Interesse,1079,Urbana,1
17,Masculino,1,5.8,70%,Sim,Falta de Apoio Familiar,1542,Rural,1
15,Masculino,2,5.5,75%,Não,Falta de Interesse,1698,Urbana,1
17,Masculino,1,9.0,60%,Sim,Problemas de Saúde,669,Rural,1
18,Masculino,3,6.5,90%,Sim,0,1373,Rural,1
18,Masculino,1,8.7,90%,Não,Problemas de Saúde,2634,Urbana,1
17,Masculino,1,8.4,85%,Sim,Problemas Financeiros,1871,Urbana,1
17,Feminino,2,5.9,75%,Não,Falta de Interesse,2147,Rural,1
15,Masculino,3,4.2,80%,Sim,Falta de Apoio Escolar,1957,Rural,1
16,Masculino,2,8.5,75%,Sim,Problemas de Saúde,1280,Urbana,1
18,Feminino,1,9.1,90%,Não,Falta de Apoio Familiar,2951,Urbana,1
18,Feminino,1,9.8,60%,Sim,0,1617,Urbana,1
16,Feminino,3,4.7,75%,Não,Falta de Interesse,2882,Rural,1
15,Masculino,2,5.0,70%,Não,Falta de Apoio Familiar,2104,Urbana,1
16,Feminino,2,8.9,90%,Não,0,977,Rural,1
16,Masculino,2,6.7,70%,Sim,Falta de Apoio Escolar,2643,Rural,1
15,Masculino,1,9.9,75%,Não,Falta de Apoio Escolar,1133,Rural,1
16,Masculino,1,5.6,60%,Não,0,2473,Rural,0
16,Feminino,2,8.5,95%,Sim,Problemas de Saúde,1234,Rural,1
17,Feminino,2,9.8,95%,Sim,Problemas de Saúde,2815,Rural,1
18,Masculino,3,4.1,95%,Não,0,1852,Rural,1
15,Feminino,2,4.5,80%,Não,0,2730,Urbana,1
16,Masculino,2,8.9,85%,Não,0,1429,Urbana,0
15,Feminino,1,6.2,50%,Não,Problemas de Saúde,2726,Urbana,1
17,Feminino,1,6.4,60%,Não,0,1504,Rural,0
16,Masculino,3,8.9,90%,Sim,0,2051,Rural,0
18,Masculino,3,4.9,70%,Sim,0,1966,Rural,0
18,Masculino,1,9.8,80%,Sim,Problemas de Saúde,1280,Urbana,1
16,Feminino,2,4.5,80%,Não,0,1654,Urbana,1
18,Masculino,2,6.9,50%,Sim,0,2866,Rural,1
16,Feminino,3,8.1,50%,Não,0,2233,Rural,0
17,Masculino,2,7.1,60%,Não,Problemas Financeiros,1267,Rural,1
17,Masculino,1,6.4,80%,Sim,Problemas Financeiros,555,Rural,1
18,Masculino,1,5.5,50%,Não,Problemas Familiares,1309,Urbana,1
16,Masculino,1,7.9,50%,Não,Problemas de Saúde,2821,Rural,1
17,Masculino,1,5.3,50%,Sim,Falta de Apoio Familiar,548,Rural,1
15,Masculino,2,7.3,50%,Não,Falta de Apoio Escolar,1084,Rural,1
15,Feminino,2,8.8,75%,Sim,0,519,Urbana,0
18,Feminino,1,6.1,70%,Sim,Problemas de Saúde,1405,Urbana,1
15,Feminino,3,7.0,75%,Sim,Problemas Financeiros,1245,Rural,1
16,Feminino,2,7.4,60%,Não,0,1162,Urbana,1
17,Masculino,2,7.2,85%,Não,Problemas de Saúde,989,Rural,1
15,Feminino,1,7.4,60%,Sim,Falta de Interesse,986,Rural,1
16,Feminino,1,9.6,60%,Sim,Problemas de Saúde,2350,Rural,1
17,Masculino,2,6.3,85%,Sim,Outros,1008,Urbana,1
18,Feminino,2,7.9,60%,Não,Falta de Interesse,2241,Rural,1
18,Feminino,3,9.0,70%,Não,Problemas Financeiros,1056,Urbana,1
17,Masculino,1,7.3,70%,Não,Falta de Apoio Escolar,602,Urbana,1
16,Masculino,2,8.8,80%,Não,Falta de Interesse,2002,Rural,1
16,Feminino,3,9.1,95%,Não,0,1447,Urbana,0
17,Feminino,3,5.4,50%,Sim,0,631,Urbana,0
17,Masculino,1,5.2,95%,Sim,0,2569,Urbana,0
17,Feminino,2,4.1,50%,Sim,0,1149,Rural,1
18,Masculino,1,7.3,85%,Sim,Falta de Interesse,2805,Rural,1
18,Masculino,3,7.7,90%,Sim,Problemas Financeiros,1678,Rural,1
16,Feminino,1,7.2,95%,Não,Problemas Financeiros,2208,Urbana,1
15,Masculino,2,7.7,90%,Não,Outros,1143,Urbana,1
17,Feminino,2,6.2,90%,Sim,0,1320,Urbana,1
16,Masculino,1,5.8,50%,Sim,0,2581,Urbana,0
18,Feminino,3,4.5,90%,Não,Falta de Interesse,916,Rural,1
18,Feminino,1,5.7,80%,Sim,Problemas Financeiros,1558,Rural,1
18,Masculino,3,8.9,90%,Sim,0,506,Rural,1
17,Feminino,2,8.4,75%,Não,0,1494,Urbana,1
15,Feminino,1,8.7,85%,Não,Outros,1742,Rural,1
17,Masculino,1,4.1,75%,Não,Problemas Financeiros,1857,Urbana,1
18,Feminino,2,8.1,50%,Não,Problemas Familiares,1253,Urbana,1
17,Masculino,3,4.9,60%,Sim,Outros,899,Urbana,1
18,Feminino,2,5.5,50%,Não,Outros,958,Urbana,1
17,Feminino,3,9.2,80%,Sim,0,2367,Urbana,0
17,Masculino,3,9.4,85%,Sim,0,1641,Urbana,0
15,Masculino,2,5.9,80%,Sim,0,2190,Rural,1
17,Masculino,1,9.7,60%,Sim,0,953,Rural,0
18,Masculino,3,4.2,95%,Não,Falta de Apoio Escolar,2014,Rural,1
16,Masculino,3,6.8,70%,Sim,Problemas Financeiros,2999,Urbana,1
16,Masculino,2,8.6,95%,Não,Problemas Familiares,2143,Rural,1
16,Masculino,3,7.9,80%,Não,0,2745,Urbana,0
17,Masculino,3,8.4,85%,Não,0,1304,Urbana,1
16,Masculino,2,4.7,85%,Não,0,2120,Rural,1
16,Masculino,2,6.4,80%,Não,0,1254,Rural,1
15,Feminino,3,9.6,90%,Sim,0,1378,Rural,1
15,Feminino,1,6.8,75%,Não,0,1987,Rural,1
18,Feminino,3,7.5,80%,Sim,0,2185,Rural,1
17,Masculino,1,8.7,90%,Não,Problemas Familiares,1236,Rural,1
15,Feminino,3,6.8,60%,Não,Falta de Apoio Escolar,1268,Urbana,1
16,Feminino,1,4.2,90%,Sim,Falta de Apoio Familiar,2117,Urbana,1
16,Feminino,1,6.9,85%,Não,Problemas Familiares,2780,Urbana,1
16,Feminino,3,9.3,75%,Sim,0,2370,Urbana,0
16,Masculino,2,6.6,70%,Não,0,2274,Rural,1
16,Masculino,2,6.0,50%,Não,0,2782,Rural,1
18,Masculino,1,6.0,85%,Sim,0,2032,Urbana,0
17,Masculino,2,6.9,95%,Não,0,1333,Urbana,0
18,Feminino,3,7.6,95%,Não,0,1186,Rural,0
18,Masculino,2,5.3,75%,Não,0,1075,Rural,0
16,Masculino,3,5.6,60%,Não,Problemas Financeiros,2478,Rural,1
17,Feminino,1,5.8,95%,Não,Falta de Apoio Escolar,2171,Urbana,1
17,Feminino,1,6.4,90%,Sim,0,991,Rural,1
18,Masculino,1,7.6,95%,Não,0,1999,Urbana,0
16,Feminino,1,5.6,75%,Não,Falta de Apoio Familiar,1258,Rural,1
17,Feminino,3,9.3,90%,Não,0,1997,Rural,1
15,Feminino,1,5.9,60%,Não,0,2156,Rural,1
17,Feminino,3,9.8,95%,Sim,0,2401,Urbana,1
18,Feminino,1,8.8,70%,Não,Problemas de Saúde,1894,Rural,1
15,Feminino,2,9.0,75%,Não,Falta de Interesse,1600,Urbana,1
17,Feminino,1,5.3,90%,Sim,Problemas Financeiros,907,Rural,1
15,Feminino,1,7.7,90%,Não,Problemas Financeiros,525,Rural,1
16,Masculino,1,4.1,95%,Não,Problemas Familiares,1395,Rural,1
17,Masculino,1,9.8,70%,Sim,Problemas de Saúde,2244,Rural,1
17,Feminino,3,6.9,60%,Sim,Falta de Apoio Escolar,1473,Urbana,1
17,Masculino,3,7.1,75%,Não,Problemas Financeiros,1467,Rural,1
18,Feminino,1,7.5,85%,Não,Falta de Apoio Familiar,1295,Rural,1
15,Masculino,3,7.5,90%,Sim,Falta de Apoio Escolar,2647,Urbana,1
17,Feminino,1,4.6,70%,Não,Problemas Familiares,1657,Urbana,1
18,Masculino,1,5.4,95%,Sim,Falta de Apoio Familiar,1385,Urbana,1
17,Feminino,1,6.6,80%,Sim,Problemas Financeiros,2095,Urbana,1
15,Masculino,3,6.8,90%,Sim,0,2193,Urbana,0
16,Feminino,1,8.3,50%,Sim,Problemas Financeiros,2339,Urbana,1
18,Masculino,2,4.8,70%,Não,0,1252,Urbana,0
15,Masculino,1,7.4,85%,Não,0,777,Urbana,1
15,Feminino,2,8.5,70%,Sim,Problemas Financeiros,2488,Urbana,1
16,Feminino,2,4.8,50%,Não,Falta de Interesse,1393,Urbana,1
15,Masculino,1,8.6,85%,Não,0,727,Urbana,0
16,Feminino,3,4.3,50%,Sim,0,1497,Rural,0
16,Feminino,3,4.7,60%,Não,Outros,1466,Urbana,1
15,Feminino,3,9.1,95%,Sim,0,2576,Urbana,1
16,Feminino,2,4.6,85%,Sim,0,2764,Urbana,0
17,Feminino,2,4.0,50%,Não,Problemas Financeiros,1400,Urbana,1
16,Feminino,1,6.9,95%,Não,0,2824,Rural,1
15,Masculino,2,7.7,70%,Não,Falta de Apoio Familiar,2676,Rural,1
18,Masculino,2,6.9,95%,Não,Problemas de Saúde,1420,Urbana,1
18,Feminino,2,5.7,85%,Não,Outros,965,Rural,1
15,Masculino,2,4.4,95%,Não,0,1884,Urbana,1
15,Feminino,1,4.4,60%,Não,0,766,Urbana,1
17,Masculino,1,9.6,60%,Sim,0,1588,Urbana,1
18,Masculino,1,8.5,95%,Sim,Problemas Financeiros,2898,Urbana,1
17,Masculino,1,9.4,60%,Sim,Problemas de Saúde,2318,Rural,1
17,Feminino,3,8.7,75%,Não,Outros,712,Rural,1
15,Masculino,3,7.8,90%,Sim,Falta de Apoio Familiar,893,Rural,1
15,Feminino,3,5.2,75%,Não,Falta de Apoio Familiar,2566,Rural,1
15,Masculino,3,10.0,90%,Sim,0,1112,Urbana,0
18,Feminino,1,6.4,75%,Não,0,1724,Urbana,0
18,Masculino,2,9.6,60%,Não,Falta de Apoio Escolar,768,Rural,1
15,Masculino,2,4.1,90%,Sim,0,2448,Urbana,1
17,Feminino,3,9.6,60%,Não,Problemas de Saúde,1104,Rural,1
16,Masculino,1,5.6,90%,Não,0,2279,Urbana,1
18,Feminino,3,4.2,70%,Sim,Problemas de Saúde,1243,Urbana,1
15,Masculino,1,5.3,60%,Sim,0,1874,Urbana,1
16,Feminino,1,4.3,50%,Sim,Falta de Apoio Familiar,895,Rural,1
17,Feminino,1,7.4,70%,Sim,0,2377,Urbana,1
16,Masculino,1,7.1,50%,Sim,Falta de Apoio Escolar,2568,Urbana,1
18,Masculino,2,8.5,95%,Não,0,828,Rural,1
16,Feminino,2,4.7,85%,Não,0,2753,Rural,0
15,Feminino,3,5.7,60%,Não,0,2218,Rural,1
17,Feminino,2,8.5,50%,Não,0,2590,Urbana,0
15,Feminino,3,4.4,95%,Não,0,2699,Urbana,0
17,Masculino,2,6.2,90%,Sim,0,980,Urbana,0
16,Feminino,1,4.5,90%,Sim,0,2912,Urbana,0
17,Feminino,1,4.8,70%,Não,Falta de Apoio Familiar,1758,Rural,1
17,Feminino,1,6.2,60%,Não,0,2595,Rural,0
18,Masculino,2,8.6,85%,Não,Falta de Apoio Familiar,1581,Urbana,1
17,Masculino,3,7.2,90%,Sim,Falta de Interesse,1585,Urbana,1
15,Masculino,2,8.8,75%,Não,0,2178,Rural,1
18,Feminino,1,9.5,75%,Não,Problemas de Saúde,928,Rural,1
15,Masculino,1,5.2,90%,Sim,0,2571,Rural,0
16,Masculino,3,8.7,85%,Sim,0,1132,Urbana,0
16,Feminino,2,7.8,50%,Sim,Falta de Interesse,1816,Urbana,1
18,Feminino,2,6.2,95%,Não,0,2156,Urbana,0
16,Masculino,1,4.3,85%,Sim,0,2521,Rural,1
16,Masculino,1,7.7,60%,Sim,Falta de Interesse,1384,Urbana,1
16,Feminino,2,6.0,85%,Sim,0,2765,Urbana,1
16,Masculino,2,5.9,50%,Não,Falta de Interesse,1769,Urbana,1
15,Masculino,3,4.5,75%,Não,Falta de Apoio Familiar,852,Urbana,1
15,Masculino,3,9.1,95%,Não,0,2224,Rural,0
16,Feminino,3,7.5,90%,Não,0,1003,Urbana,0
16,Feminino,3,4.7,80%,Não,0,910,Urbana,1
15,Feminino,3,6.8,90%,Não,Problemas de Saúde,597,Urbana,1
16,Feminino,2,9.5,85%,Não,0,2240,Urbana,1
18,Feminino,2,4.4,60%,Não,0,1904,Rural,1
17,Feminino,1,5.3,50%,Não,Falta de Apoio Escolar,2825,Urbana,1
18,Masculino,3,8.1,60%,Não,0,2282,Urbana,0
17,Masculino,1,7.0,75%,Não,0,2016,Rural,1
18,Feminino,3,8.7,85%,Não,0,1565,Urbana,1
16,Masculino,2,6.8,75%,Não,0,1079,Urbana,1
16,Masculino,2,5.9,85%,Sim,Outros,1873,Rural,1
17,Feminino,1,10.0,60%,Não,Falta de Interesse,2737,Rural,1
18,Feminino,2,5.6,85%,Não,Falta de Apoio Familiar,1763,Urbana,1
16,Masculino,1,4.1,60%,Não,0,1182,Urbana,0
18,Feminino,1,6.4,60%,Não,Falta de Apoio Escolar,2480,Urbana,1
15,Feminino,3,5.5,70%,Não,0,2149,Urbana,1
17,Feminino,3,9.7,70%,Não,0,1754,Rural,0
16,Masculino,1,4.2,60%,Não,Falta de Apoio Familiar,2968,Urbana,1
18,Feminino,2,5.1,50%,Não,Falta de Apoio Escolar,586,Rural,1
17,Masculino,3,8.6,75%,Não,Falta de Interesse,2230,Rural,1
18,Feminino,3,6.1,75%,Sim,Problemas Familiares,2474,Rural,1
18,Feminino,2,5.1,80%,Sim,0,2482,Rural,0
15,Feminino,1,7.4,60%,Não,Problemas de Saúde,2777,Rural,1
17,Feminino,3,7.9,75%,Sim,0,2652,Rural,0
17,Feminino,2,5.0,85%,Sim,0,1610,Rural,0
17,Masculino,2,7.5,70%,Sim,0,1721,Urbana,0
18,Masculino,3,7.5,95%,Não,0,2209,Rural,0
16,Masculino,3,6.2,85%,Não,Problemas Familiares,1769,Urbana,1
15,Feminino,2,8.8,60%,Sim,0,2862,Urbana,1
18,Feminino,1,7.5,50%,Sim,Problemas Financeiros,2037,Rural,1
16,Feminino,3,4.9,75%,Sim,0,2076,Urbana,1
17,Masculino,1,4.6,75%,Sim,Falta de Apoio Familiar,1867,Rural,1
17,Feminino,3,5.7,85%,Sim,Falta de Apoio Familiar,875,Rural,1
15,Masculino,3,7.4,50%,Não,Problemas de Saúde,2406,Urbana,1
18,Feminino,2,4.5,70%,Sim,0,2795,Urbana,0
17,Feminino,3,6.6,70%,Não,0,2306,Urbana,1
15,Feminino,2,4.5,60%,Sim,Falta de Interesse,2944,Rural,1
15,Feminino,3,4.3,80%,Não,Falta de Apoio Familiar,584,Rural,1
17,Masculino,1,7.7,85%,Sim,Falta de Interesse,2137,Rural,1
16,Masculino,1,6.4,80%,Sim,0,1199,Rural,0
18,Masculino,1,8.9,85%,Não,Problemas de Saúde,639,Rural,1
18,Feminino,1,7.7,75%,Sim,0,1600,Rural,0
17,Masculino,2,8.3,50%,Sim,0,2999,Rural,0
16,Feminino,1,4.9,60%,Sim,Problemas Familiares,1738,Rural,1
15,Feminino,1,4.3,85%,Sim,0,2242,Rural,1
15,Masculino,3,8.3,75%,Sim,Problemas Familiares,700,Urbana,1
15,Feminino,2,6.0,95%,Sim,0,1832,Urbana,0
15,Masculino,2,4.2,85%,Sim,Problemas Familiares,1733,Urbana,1
16,Feminino,1,4.8,80%,Sim,Falta de Interesse,770,Rural,1
18,Feminino,3,4.1,60%,Sim,0,2398,Rural,0
17,Feminino,3,9.8,75%,Não,0,907,Rural,0
15,Feminino,2,5.0,75%,Sim,0,2317,Urbana,0
15,Feminino,3,6.2,50%,Não,0,2144,Urbana,1
18,Feminino,3,9.9,90%,Sim,0,1600,Rural,0
16,Feminino,1,9.4,60%,Não,Problemas Financeiros,1334,Rural,1
16,Feminino,1,8.0,50%,Não,0,2956,Rural,1
15,Masculino,3,5.6,95%,Não,Falta de Apoio Escolar,1625,Urbana,1
15,Masculino,2,8.7,90%,Não,Outros,2802,Urbana,1
17,Feminino,2,6.1,90%,Não,Problemas de Saúde,1181,Rural,1
15,Feminino,1,5.6,90%,Sim,0,2310,Rural,1
17,Masculino,2,5.2,60%,Sim,Falta de Interesse,1124,Urbana,1
17,Feminino,3,6.5,85%,Sim,0,2679,Urbana,1
17,Feminino,1,8.6,75%,Sim,Outros,2374,Rural,1
17,Feminino,3,8.0,70%,Sim,Problemas Familiares,2893,Urbana,1
18,Feminino,2,5.7,70%,Não,0,1246,Rural,0
16,Masculino,2,7.6,90%,Não,Falta de Apoio Familiar,814,Rural,1
16,Masculino,2,4.2,85%,Não,0,1685,Urbana,0
16,Masculino,2,8.9,80%,Sim,0,2939,Rural,0
17,Feminino,3,8.9,50%,Não,0,2122,Urbana,0
17,Feminino,1,4.7,95%,Não,0,1992,Rural,0
15,Feminino,2,6.6,50%,Não,Problemas de Saúde,685,Rural,1
18,Masculino,2,5.7,50%,Não,Falta de Apoio Familiar,1723,Rural,1
18,Masculino,2,8.4,90%,Sim,Falta de Interesse,1016,Rural,1
15,Masculino,1,7.7,80%,Não,0,615,Rural,1
18,Feminino,2,5.6,95%,Não,0,1128,Rural,1
16,Masculino,3,7.1,75%,Sim,0,1223,Rural,0
15,Feminino,1,5.3,70%,Não,0,1942,Urbana,0
17,Masculino,1,4.1,60%,Sim,0,1276,Urbana,0
17,Feminino,2,6.9,70%,Sim,Falta de Apoio Escolar,770,Urbana,1
15,Feminino,1,7.1,75%,Não,Problemas Financeiros,987,Rural,1
17,Feminino,2,9.5,80%,Não,0,1185,Urbana,1
17,Masculino,2,7.3,70%,Sim,Problemas Financeiros,2411,Rural,1
16,Feminino,2,7.7,50%,Não,Falta de Apoio Familiar,869,Rural,1
15,Feminino,2,4.3,70%,Não,Outros,2321,Urbana,1
18,Masculino,1,4.6,75%,Sim,Problemas Financeiros,704,Urbana,1
15,Feminino,1,9.9,95%,Não,0,2608,Rural,1
17,Masculino,3,5.4,85%,Sim,Falta de Apoio Familiar,595,Rural,1
16,Masculino,3,9.6,80%,Não,0,1790,Urbana,1
16,Masculino,2,5.7,85%,Não,Problemas de Saúde,818,Urbana,1
15,Masculino,1,5.8,85%,Não,Falta de Interesse,1309,Rural,1
16,Masculino,3,4.6,80%,Não,0,889,Urbana,1
18,Masculino,1,5.7,60%,Não,Problemas Familiares,1805,Urbana,1
17,Masculino,2,9.3,70%,Não,0,2776,Urbana,0
15,Masculino,2,6.1,70%,Sim,Problemas de Saúde,2056,Rural,1
16,Masculino,3,5.7,95%,Sim,Falta de Apoio Escolar,1537,Urbana,1
15,Masculino,3,9.4,70%,Sim,Falta de Interesse,2966,Urbana,1
15,Feminino,2,9.9,75%,Sim,Problemas de Saúde,2937,Rural,1
16,Masculino,2,4.9,50%,Não,Falta de Apoio Escolar,995,Rural,1
17,Feminino,2,6.6,85%,Não,0,1467,Urbana,1
15,Masculino,1,9.9,60%,Sim,0,1854,Rural,1
15,Masculino,2,9.8,50%,Sim,0,2834,Rural,1
17,Masculino,2,6.3,85%,Não,Falta de Apoio Escolar,2897,Rural,1
18,Masculino,1,7.7,95%,Sim,0,2752,Urbana,0
18,Feminino,3,5.1,95%,Não,0,997,Urbana,1
18,Masculino,2,9.3,60%,Sim,0,1535,Rural,0
15,Feminino,2,4.1,95%,Não,0,1683,Urbana,1
17,Masculino,2,7.6,75%,Não,Outros,1901,Urbana,1
18,Masculino,2,7.1,90%,Sim,Problemas Financeiros,1693,Rural,1
17,Masculino,3,5.5,85%,Não,Falta de Apoio Escolar,2146,Rural,1
15,Masculino,2,5.0,85%,Não,Outros,1762,Rural,1
18,Feminino,1,9.3,90%,Sim,0,917,Urbana,0
16,Feminino,2,7.2,95%,Sim,0,1346,Urbana,0
18,Feminino,3,8.5,90%,Sim,Falta de Interesse,1180,Urbana,1
18,Masculino,2,9.0,85%,Não,Problemas Familiares,2468,Rural,1
17,Feminino,1,4.4,75%,Sim,Problemas Familiares,681,Rural,1
15,Feminino,3,4.1,50%,Sim,0,591,Urbana,1
16,Masculino,2,5.3,85%,Sim,Falta de Apoio Escolar,2739,Urbana,1
18,Feminino,2,9.1,70%,Sim,Problemas de Saúde,2876,Urbana,1
17,Masculino,1,4.4,80%,Não,0,2727,Urbana,0
18,Feminino,3,5.8,75%,Não,Problemas de Saúde,517,Rural,1
15,Feminino,1,6.2,75%,Sim,Problemas Financeiros,2793,Urbana,1
15,Masculino,3,9.7,60%,Sim,0,1696,Rural,1
17,Feminino,2,7.2,85%,Sim,Outros,583,Urbana,1
15,Masculino,2,6.8,80%,Sim,Problemas Familiares,2506,Urbana,1
18,Feminino,2,6.3,75%,Não,Outros,643,Rural,1
18,Feminino,2,9.9,80%,Não,0,1935,Rural,1
17,Masculino,3,4.1,95%,Não,Problemas Financeiros,1938,Rural,1
18,Masculino,3,9.9,85%,Não,0,975,Rural,1
16,Feminino,2,7.2,85%,Sim,Problemas Familiares,950,Rural,1
17,Feminino,1,6.8,80%,Sim,0,1614,Urbana,0
16,Feminino,3,8.6,95%,Não,Problemas Familiares,2135,Rural,1
18,Masculino,2,7.2,90%,Não,0,2458,Urbana,0
18,Masculino,2,7.9,60%,Sim,0,1755,Urbana,1
17,Masculino,1,6.1,70%,Sim,0,942,Rural,1
16,Feminino,1,9.5,75%,Sim,0,1116,Rural,1
16,Masculino,1,5.3,50%,Não,0,1357,Urbana,1
15,Feminino,2,7.9,70%,Não,0,2944,Rural,0
18,Feminino,3,7.8,60%,Sim,0,2474,Rural,0
17,Feminino,2,5.8,50%,Não,0,2541,Urbana,0
18,Feminino,1,4.7,95%,Não,Falta de Apoio Escolar,1529,Urbana,1
16,Masculino,2,8.7,70%,Sim,Falta de Apoio Familiar,2189,Rural,1
16,Masculino,2,6.1,80%,Sim,0,1441,Rural,0
17,Masculino,3,5.5,90%,Não,0,902,Rural,0
15,Masculino,1,8.7,85%,Sim,0,1036,Rural,1
18,Masculino,3,6.4,70%,Não,0,2147,Urbana,1
16,Feminino,2,8.5,75%,Não,Falta de Apoio Familiar,2048,Rural,1
16,Masculino,1,9.3,60%,Não,0,2439,Urbana,1
16,Feminino,1,7.2,90%,Sim,Problemas Financeiros,1272,Rural,1
18,Feminino,2,4.2,50%,Sim,Falta de Apoio Escolar,643,Rural,1
16,Masculino,3,9.5,60%,Não,Falta de Interesse,2019,Urbana,1
15,Feminino,3,5.5,90%,Sim,0,2508,Rural,0
15,Feminino,3,8.4,70%,Sim,Falta de Interesse,1373,Rural,1
15,Feminino,2,7.1,85%,Sim,Falta de Apoio Escolar,864,Rural,1
15,Feminino,3,5.9,80%,Não,Falta de Apoio Familiar,1990,Urbana,1
16,Feminino,1,6.7,60%,Sim,0,1057,Rural,1
16,Masculino,2,6.7,50%,Sim,Falta de Apoio Familiar,2806,Rural,1
15,Masculino,3,9.7,95%,Sim,0,1324,Rural,0
17,Masculino,1,4.8,85%,Não,Problemas de Saúde,738,Rural,1
18,Masculino,3,5.6,70%,Sim,0,618,Urbana,1
18,Masculino,2,8.6,95%,Não,Falta de Apoio Escolar,970,Rural,1
15,Feminino,3,4.2,75%,Não,Falta de Apoio Escolar,2978,Urbana,1
17,Feminino,1,4.1,85%,Sim,0,2181,Rural,1
16,Masculino,1,5.7,50%,Sim,Problemas de Saúde,1456,Urbana,1
17,Masculino,2,7.6,95%,Sim,0,2459,Rural,1
17,Feminino,1,9.9,85%,Sim,0,855,Rural,1
16,Feminino,1,7.6,75%,Sim,0,1361,Urbana,0
16,Masculino,2,7.5,50%,Sim,0,2274,Urbana,1
15,Masculino,3,4.6,70%,Não,0,2928,Rural,0
15,Feminino,1,4.4,90%,Sim,Falta de Apoio Escolar,2018,Urbana,1
18,Feminino,2,5.6,80%,Não,0,2047,Urbana,1
16,Feminino,3,9.1,90%,Não,0,731,Urbana,1
15,Masculino,2,6.7,50%,Não,Problemas Financeiros,1873,Rural,1
17,Masculino,2,8.4,60%,Sim,Problemas de Saúde,699,Rural,1
18,Feminino,2,9.7,80%,Não,Falta de Interesse,539,Urbana,1
17,Masculino,2,4.3,90%,Não,0,2218,Rural,0
15,Feminino,2,7.7,90%,Não,0,2498,Urbana,0
15,Feminino,2,8.1,75%,Não,0,1724,Urbana,1
18,Masculino,2,7.3,90%,Sim,Falta de Interesse,2472,Urbana,1
16,Masculino,1,6.4,80%,Não,0,1077,Urbana,0
16,Feminino,2,4.2,90%,Sim,0,2780,Urbana,1
18,Masculino,2,9.7,75%,Não,0,2174,Rural,0
17,Feminino,1,5.1,85%,Sim,Outros,2074,Urbana,1
17,Feminino,1,5.2,70%,Não,0,1102,Urbana,1
17,Feminino,1,8.9,85%,Não,Problemas Familiares,1992,Rural,1
18,Feminino,2,6.2,75%,Não,Falta de Interesse,1537,Urbana,1
16,Feminino,2,9.6,70%,Sim,0,2949,Urbana,1
17,Masculino,1,6.6,60%,Não,Problemas Financeiros,2105,Rural,1
17,Masculino,1,6.0,50%,Sim,Problemas de Saúde,2659,Urbana,1
18,Feminino,2,7.3,90%,Sim,Falta de Apoio Escolar,2036,Rural,1
16,Feminino,2,6.2,80%,Não,0,2922,Urbana,0
15,Feminino,3,6.1,85%,Não,Falta de Apoio Escolar,1362,Urbana,1
17,Masculino,3,5.7,85%,Não,0,1698,Rural,0
17,Masculino,3,5.0,75%,Sim,Problemas Financeiros,2446,Urbana,1
15,Feminino,1,7.2,95%,Sim,Falta de Interesse,2719,Rural,1
16,Masculino,3,9.5,75%,Não,0,872,Urbana,1
17,Masculino,3,4.4,95%,Não,Falta de Apoio Escolar,960,Urbana,1
15,Feminino,2,6.0,80%,Sim,Problemas de Saúde,1026,Urbana,1
16,Feminino,3,9.1,60%,Sim,Outros,1286,Urbana,1
18,Masculino,1,4.4,70%,Não,0,895,Urbana,1
17,Feminino,3,9.1,80%,Sim,0,2379,Urbana,0
18,Masculino,3,9.3,80%,Não,0,1716,Rural,1
16,Masculino,1,4.3,70%,Sim,0,800,Urbana,1
18,Feminino,3,6.1,50%,Sim,0,1381,Urbana,0
17,Masculino,2,4.6,90%,Sim,Problemas de Saúde,1067,Urbana,1
17,Feminino,3,9.1,95%,Não,Falta de Apoio Escolar,1795,Rural,1
17,Masculino,3,7.4,60%,Sim,Problemas Financeiros,870,Rural,1
15,Feminino,2,9.0,70%,Sim,Falta de Apoio Escolar,2142,Rural,1
16,Feminino,1,5.1,95%,Sim,0,806,Rural,1
17,Feminino,3,9.0,75%,Não,Falta de Apoio Escolar,1808,Rural,1
15,Feminino,2,9.2,85%,Não,0,2847,Rural,0
15,Masculino,2,5.0,95%,Não,Problemas Financeiros,2635,Urbana,1
16,Feminino,2,7.6,85%,Sim,0,1776,Urbana,1
17,Masculino,2,5.0,60%,Não,Outros,1732,Urbana,1
16,Masculino,2,9.1,50%,Sim,Falta de Apoio Escolar,982,Rural,1
16,Feminino,2,4.0,70%,Não,Falta de Interesse,2533,Urbana,1
17,Masculino,2,9.3,75%,Não,0,1117,Rural,1
15,Feminino,1,4.3,60%,Não,Falta de Interesse,2093,Rural,1
17,Feminino,2,8.3,70%,Sim,0,2777,Urbana,0
17,Feminino,2,4.1,80%,Não,Problemas de Saúde,2285,Urbana,1
17,Feminino,2,8.7,75%,Não,0,1924,Rural,1
18,Feminino,3,7.0,50%,Sim,0,2669,Urbana,1
15,Masculino,3,6.1,75%,Sim,0,1906,Urbana,0
15,Masculino,3,9.1,95%,Sim,0,1772,Urbana,1
16,Feminino,3,8.8,50%,Não,Problemas Familiares,1915,Rural,1
16,Feminino,1,8.1,80%,Não,0,1934,Rural,0
16,Masculino,3,4.2,95%,Não,Falta de Interesse,1636,Rural,1
17,Masculino,1,9.2,60%,Não,Falta de Apoio Familiar,1122,Urbana,1
18,Masculino,3,4.9,70%,Sim,Falta de Apoio Familiar,1521,Urbana,1
18,Masculino,2,4.7,85%,Não,0,2212,Urbana,0
16,Masculino,1,8.4,75%,Sim,0,1213,Rural,1
16,Feminino,1,8.8,95%,Não,0,2322,Rural,0
17,Feminino,3,7.2,75%,Sim,0,687,Rural,0
16,Masculino,3,7.3,95%,Não,0,2985,Urbana,1
17,Masculino,1,5.6,85%,Sim,0,1681,Urbana,1
18,Feminino,2,4.3,50%,Não,Falta de Apoio Familiar,722,Urbana,1
17,Feminino,2,7.9,50%,Sim,Falta de Interesse,2062,Urbana,1
18,Feminino,3,9.0,60%,Não,0,2931,Urbana,1
16,Masculino,2,6.8,50%,Sim,0,2570,Rural,0
18,Masculino,1,4.3,80%,Não,Problemas de Saúde,2363,Urbana,1
18,Feminino,3,5.2,80%,Não,0,2138,Urbana,0
18,Masculino,1,8.1,80%,Não,0,1014,Urbana,1
18,Masculino,2,6.7,50%,Não,0,1255,Rural,0
18,Feminino,3,5.9,60%,Sim,0,1426,Urbana,1
18,Feminino,1,8.2,90%,Não,Falta de Apoio Escolar,2799,Rural,1
15,Masculino,2,5.7,85%,Sim,0,2791,Rural,1
18,Masculino,2,7.3,85%,Sim,Problemas de Saúde,2595,Rural,1
15,Masculino,2,7.6,95%,Sim,0,523,Rural,0
18,Masculino,3,7.2,95%,Sim,Problemas Financeiros,2623,Rural,1
17,Feminino,2,5.6,70%,Sim,0,726,Urbana,1
18,Masculino,2,5.5,60%,Não,0,1937,Rural,1
17,Feminino,1,10.0,50%,Sim,Problemas Familiares,1316,Rural,1
15,Masculino,3,8.9,85%,Não,Falta de Interesse,2455,Urbana,1
17,Masculino,1,7.7,85%,Sim,Problemas Familiares,1690,Rural,1
17,Feminino,2,6.8,50%,Não,Problemas Familiares,649,Rural,1
16,Masculino,3,6.1,85%,Sim,0,505,Rural,1
18,Masculino,1,8.9,95%,Sim,Problemas de Saúde,1064,Rural,1
15,Feminino,1,4.5,75%,Sim,0,1615,Rural,1
18,Feminino,3,9.2,90%,Sim,Falta de Apoio Familiar,719,Rural,1
15,Feminino,2,8.6,70%,Não,Outros,2071,Urbana,1
16,Feminino,1,4.9,95%,Sim,Falta de Interesse,1317,Urbana,1
18,Masculino,2,7.6,75%,Sim,0,2923,Urbana,0
17,Masculino,3,6.1,50%,Sim,0,1752,Rural,0
18,Masculino,2,5.7,90%,Não,Problemas Financeiros,1594,Urbana,1
15,Feminino,2,4.9,70%,Sim,Falta de Apoio Familiar,1844,Rural,1
15,Masculino,1,7.1,60%,Sim,0,1848,Urbana,1
18,Feminino,2,5.0,60%,Sim,Falta de Apoio Familiar,2310,Rural,1
18,Feminino,2,8.7,75%,Não,0,2774,Urbana,0
16,Masculino,2,6.6,75%,Não,Falta de Apoio Escolar,2522,Urbana,1
15,Feminino,2,9.9,80%,Não,Falta de Interesse,1366,Rural,1
17,Feminino,2,9.4,95%,Não,Problemas Financeiros,2064,Rural,1
16,Masculino,2,5.8,90%,Sim,0,1228,Urbana,1
16,Masculino,1,5.2,70%,Sim,Problemas de Saúde,1312,Urbana,1
16,Masculino,3,9.3,75%,Sim,0,1913,Urbana,0
15,Feminino,3,6.8,80%,Não,Falta de Interesse,1276,Rural,1
15,Masculino,2,9.2,75%,Não,0,1176,Rural,1
18,Feminino,3,7.9,85%,Sim,Falta de Interesse,675,Urbana,1
18,Feminino,2,6.9,75%,Sim,Falta de Apoio Escolar,1622,Rural,1
17,Masculino,1,4.1,85%,Não,0,1951,Rural,1
16,Masculino,2,5.7,85%,Não,Falta de Apoio Familiar,1327,Urbana,1
16,Feminino,3,5.6,85%,Sim,Problemas Familiares,1149,Urbana,1
18,Feminino,2,6.5,75%,Sim,0,2766,Rural,0
17,Feminino,2,6.0,60%,Não,Problemas Financeiros,960,Urbana,1
17,Masculino,3,8.1,90%,Não,0,2806,Urbana,0
17,Feminino,2,9.0,60%,Não,Problemas de Saúde,1219,Rural,1
16,Feminino,2,5.4,70%,Sim,0,620,Rural,1
15,Masculino,3,6.7,60%,Não,0,720,Urbana,0
17,Feminino,2,8.7,85%,Não,Outros,2092,Rural,1
16,Masculino,2,5.2,50%,Não,0,914,Rural,1
16,Masculino,3,7.5,50%,Não,Falta de Interesse,2159,Rural,1
15,Masculino,3,5.0,50%,Sim,0,694,Urbana,1
15,Masculino,2,6.3,85%,Não,0,1875,Rural,1
15,Masculino,3,6.3,85%,Sim,Problemas de Saúde,2909,Rural,1
16,Feminino,2,5.1,80%,Não,Problemas Familiares,2260,Rural,1
17,Feminino,2,7.9,90%,Não,Falta de Apoio Familiar,2613,Urbana,1
16,Feminino,1,4.6,50%,Sim,0,1748,Rural,0
16,Feminino,1,5.1,50%,Sim,0,1679,Rural,0
18,Feminino,1,9.0,70%,Sim,Falta de Interesse,1168,Urbana,1
16,Masculino,3,4.3,90%,Sim,Falta de Apoio Familiar,2489,Rural,1
15,Masculino,1,9.0,75%,Não,0,2925,Rural,1
16,Feminino,2,6.9,75%,Sim,0,894,Rural,1
18,Feminino,3,9.2,90%,Não,Problemas Financeiros,2067,Rural,1
17,Masculino,1,8.9,75%,Não,0,1836,Urbana,1
15,Masculino,1,4.6,80%,Sim,0,2292,Urbana,1
17,Feminino,2,8.3,80%,Sim,0,1214,Rural,1
18,Masculino,2,5.3,85%,Não,Problemas Familiares,2815,Urbana,1
16,Masculino,3,9.3,50%,Não,0,1286,Urbana,1
18,Feminino,2,4.9,90%,Não,Problemas Financeiros,2653,Rural,1
15,Feminino,2,9.4,70%,Sim,0,2830,Urbana,0
16,Feminino,3,6.2,95%,Não,0,1162,Rural,0
18,Feminino,2,5.6,85%,Não,0,2187,Rural,1
17,Feminino,2,4.6,70%,Sim,0,711,Rural,1
17,Masculino,2,7.3,75%,Não,Problemas Familiares,2127,Rural,1
18,Feminino,1,8.5,60%,Não,0,1607,Urbana,0
17,Masculino,3,7.3,85%,Sim,Falta de Interesse,1930,Urbana,1
15,Masculino,3,6.3,80%,Não,Problemas Familiares,671,Urbana,1
18,Feminino,2,8.6,80%,Não,0,1617,Urbana,0
16,Feminino,1,9.6,75%,Sim,0,1116,Urbana,1
16,Masculino,1,8.4,85%,Não,Falta de Apoio Escolar,1366,Rural,1
17,Feminino,3,4.8,75%,Sim,Falta de Apoio Familiar,1769,Urbana,1
16,Masculino,3,5.0,90%,Sim,0,2344,Urbana,0
15,Masculino,3,6.9,50%,Sim,Falta de Interesse,2195,Rural,1
16,Feminino,3,9.3,85%,Sim,Falta de Apoio Familiar,1169,Rural,1
15,Feminino,3,8.7,80%,Sim,Problemas Familiares,538,Rural,1
16,Masculino,3,5.3,60%,Não,Outros,597,Urbana,1
17,Feminino,3,9.6,60%,Não,0,1565,Rural,1
17,Feminino,2,6.3,75%,Sim,0,886,Rural,1
15,Feminino,2,4.5,95%,Não,Falta de Interesse,993,Rural,1
17,Feminino,1,7.5,80%,Não,0,1058,Urbana,1
16,Masculino,2,7.4,60%,Sim,0,674,Rural,1
15,Masculino,3,7.7,60%,Sim,Problemas de Saúde,1322,Urbana,1
15,Masculino,2,7.3,75%,Sim,Falta de Apoio Escolar,1622,Urbana,1
15,Feminino,2,4.5,50%,Sim,Falta de Apoio Escolar,1371,Rural,1
15,Masculino,1,5.3,85%,Sim,0,911,Rural,0
15,Masculino,1,7.4,90%,Não,Falta de Interesse,2066,Urbana,1
17,Feminino,3,4.9,75%,Sim,0,2792,Rural,1
17,Masculino,1,5.5,90%,Sim,Problemas Financeiros,1989,Rural,1
15,Masculino,1,9.6,90%,Não,Falta de Apoio Familiar,2573,Rural,1
16,Feminino,3,7.0,85%,Não,Problemas Familiares,1907,Rural,1
17,Feminino,3,9.4,90%,Não,0,2075,Urbana,0
18,Masculino,2,9.5,95%,Sim,Falta de Interesse,2496,Rural,1
18,Feminino,3,8.5,75%,Sim,0,2930,Urbana,0
17,Masculino,3,6.0,90%,Sim,0,892,Urbana,1
17,Feminino,3,5.6,95%,Não,Falta de Apoio Escolar,894,Rural,1
16,Masculino,2,4.9,60%,Não,0,2720,Rural,1
16,Masculino,1,6.1,90%,Não,Falta de Apoio Familiar,509,Urbana,1
15,Masculino,3,7.0,75%,Sim,Falta de Apoio Familiar,2291,Urbana,1
17,Feminino,1,7.0,75%,Sim,0,2242,Urbana,1
16,Feminino,2,5.1,75%,Sim,0,1346,Rural,1
17,Masculino,3,9.2,70%,Sim,0,2038,Urbana,1
18,Masculino,3,5.3,80%,Sim,0,608,Rural,0
17,Masculino,1,4.5,70%,Sim,Problemas de Saúde,2256,Rural,1
15,Masculino,2,8.8,50%,Não,Problemas de Saúde,2618,Urbana,1
17,Feminino,2,7.3,70%,Não,0,2110,Rural,1
17,Masculino,2,6.4,60%,Sim,Problemas de Saúde,2511,Urbana,1
16,Feminino,3,8.8,95%,Sim,Outros,1629,Urbana,1
16,Feminino,2,5.5,75%,Não,0,563,Rural,1
17,Masculino,2,7.2,80%,Não,0,2092,Rural,1
15,Masculino,2,9.5,60%,Não,0,2056,Rural,1
15,Masculino,1,9.1,80%,Não,0,1409,Rural,1
15,Masculino,2,9.2,85%,Sim,0,2781,Rural,0
16,Feminino,3,9.8,85%,Sim,0,2374,Urbana,1
15,Feminino,3,6.4,50%,Sim,Problemas Familiares,2767,Urbana,1
17,Masculino,1,6.4,95%,Sim,Problemas Financeiros,718,Urbana,1
18,Feminino,3,4.0,70%,Sim,Falta de Apoio Escolar,1043,Rural,1
18,Feminino,2,8.5,50%,Sim,0,2363,Rural,1
15,Masculino,3,8.7,95%,Sim,0,1366,Urbana,0
17,Masculino,2,6.1,90%,Não,Falta de Apoio Escolar,2338,Rural,1
18,Masculino,2,4.2,60%,Sim,0,2695,Urbana,0
17,Feminino,3,5.0,60%,Sim,Outros,997,Rural,1
17,Masculino,3,7.9,75%,Sim,Falta de Apoio Escolar,792,Rural,1
17,Feminino,1,5.1,50%,Não,Falta de Interesse,2450,Rural,1
15,Masculino,2,5.8,60%,Sim,0,2786,Urbana,1
15,Feminino,1,9.5,95%,Não,Falta de Apoio Escolar,2625,Urbana,1
18,Masculino,3,5.6,85%,Sim,Outros,2790,Urbana,1
16,Feminino,1,8.1,85%,Sim,Falta de Interesse,2185,Urbana,1
15,Feminino,3,5.5,70%,Não,Problemas Familiares,2810,Urbana,1
16,Feminino,2,8.2,75%,Sim,0,1648,Urbana,1
15,Feminino,3,6.5,90%,Sim,0,664,Urbana,1
16,Masculino,1,4.7,75%,Sim,0,1234,Urbana,0
16,Feminino,2,7.3,80%,Sim,0,853,Urbana,1
18,Masculino,2,4.3,85%,Sim,0,2429,Urbana,1
16,Masculino,1,5.7,75%,Sim,0,2625,Urbana,1
15,Masculino,1,8.8,75%,Sim,0,1259,Rural,1
18,Masculino,1,7.5,85%,Não,0,1915,Urbana,0
17,Feminino,3,7.0,70%,Sim,0,1791,Rural,0
16,Feminino,3,4.1,60%,Não,Problemas Familiares,1293,Rural,1
17,Masculino,2,5.6,70%,Não,0,2922,Urbana,0
16,Masculino,2,7.6,90%,Sim,Outros,2144,Urbana,1
18,Masculino,1,5.6,75%,Não,Problemas de Saúde,831,Rural,1
15,Masculino,3,6.1,50%,Sim,0,1710,Rural,1
18,Feminino,2,4.6,85%,Não,Falta de Apoio Familiar,2256,Urbana,1
16,Feminino,3,8.8,90%,Sim,0,2910,Rural,0
17,Feminino,3,7.4,60%,Sim,Falta de Apoio Familiar,2296,Urbana,1
15,Feminino,1,7.0,85%,Não,Problemas Financeiros,1085,Urbana,1
15,Feminino,3,4.9,90%,Não,Falta de Apoio Escolar,1706,Rural,1
15,Feminino,3,9.7,95%,Sim,Falta de Apoio Familiar,2931,Urbana,1
15,Feminino,3,6.0,85%,Não,Problemas Financeiros,1782,Urbana,1
16,Masculino,1,7.3,95%,Não,Problemas de Saúde,1685,Urbana,1
16,Feminino,2,4.3,80%,Sim,Falta de Apoio Escolar,1659,Urbana,1
18,Masculino,3,8.8,50%,Não,0,2778,Rural,0
18,Feminino,1,4.4,60%,Não,Problemas Financeiros,2263,Urbana,1
17,Masculino,3,6.8,85%,Sim,0,1499,Urbana,0
16,Feminino,1,8.6,75%,Não,0,2966,Rural,0
15,Feminino,3,8.2,85%,Sim,Falta de Apoio Escolar,2061,Urbana,1
18,Masculino,2,5.2,75%,Não,Falta de Apoio Familiar,1707,Urbana,1
16,Feminino,2,8.6,60%,Não,0,617,Urbana,1
18,Masculino,1,6.9,80%,Não,Outros,1094,Rural,1
18,Feminino,1,9.6,90%,Não,Falta de Apoio Familiar,2772,Urbana,1
16,Feminino,2,6.1,70%,Não,Problemas Financeiros,846,Rural,1
17,Masculino,3,8.0,60%,Sim,Falta de Apoio Familiar,589,Rural,1
18,Feminino,1,4.5,70%,Não,Falta de Apoio Familiar,2741,Rural,1
16,Feminino,1,4.6,70%,Não,0,1306,Urbana,0
15,Masculino,3,9.9,70%,Sim,0,2093,Urbana,0
15,Masculino,2,9.9,95%,Não,0,567,Urbana,1
15,Masculino,3,4.7,50%,Sim,Falta de Apoio Familiar,567,Rural,1
15,Feminino,3,8.0,60%,Não,Problemas Financeiros,734,Urbana,1
16,Feminino,1,8.9,50%,Não,Outros,2243,Rural,1
16,Feminino,2,6.6,85%,Sim,0,910,Urbana,1
15,Masculino,2,7.1,95%,Sim,0,1375,Urbana,0
18,Feminino,3,5.6,85%,Sim,Problemas Financeiros,1100,Urbana,1
18,Masculino,2,8.8,85%,Sim,0,2484,Rural,0
18,Masculino,3,8.0,70%,Não,0,821,Urbana,1
18,Feminino,3,8.0,60%,Sim,Problemas Financeiros,2424,Rural,1
15,Feminino,3,7.8,70%,Sim,Problemas Financeiros,722,Urbana,1
16,Feminino,2,9.8,90%,Não,0,892,Rural,0
18,Masculino,1,10.0,95%,Sim,Outros,1230,Urbana,1
15,Feminino,1,10.0,70%,Não,Problemas de Saúde,2250,Rural,1
18,Masculino,3,7.8,60%,Sim,Outros,1367,Urbana,1
15,Masculino,1,8.6,60%,Sim,0,1850,Rural,1
16,Feminino,3,9.3,60%,Sim,0,2982,Urbana,1
18,Masculino,2,7.2,50%,Não,Falta de Interesse,2215,Rural,1
17,Feminino,2,8.4,95%,Não,0,2594,Rural,1
15,Feminino,3,8.4,90%,Não,0,635,Urbana,0
16,Masculino,3,4.0,80%,Sim,Problemas Financeiros,1379,Urbana,1
15,Masculino,1,9.1,90%,Não,Problemas Financeiros,1006,Urbana,1
16,Masculino,3,8.3,70%,Sim,0,776,Rural,1
18,Feminino,2,6.5,50%,Sim,0,2515,Rural,0
16,Masculino,1,6.3,80%,Sim,Problemas de Saúde,2419,Rural,1
15,Feminino,1,8.9,85%,Sim,0,1570,Rural,0
18,Feminino,2,8.7,95%,Sim,Problemas de Saúde,2650,Urbana,1
15,Feminino,3,4.8,90%,Sim,0,864,Urbana,0
18,Masculino,3,9.8,95%,Sim,0,2395,Rural,1
17,Masculino,1,8.6,75%,Sim,0,2125,Rural,1
18,Feminino,3,8.3,90%,Não,Falta de Apoio Escolar,1996,Rural,1
18,Feminino,3,8.5,70%,Não,Problemas de Saúde,1001,Urbana,1
17,Masculino,2,6.8,90%,Sim,0,1897,Rural,0
16,Masculino,1,6.3,75%,Não,0,1407,Urbana,0
16,Feminino,1,4.9,85%,Não,0,2585,Rural,1
17,Feminino,2,8.1,75%,Não,Falta de Apoio Familiar,1602,Rural,1
18,Feminino,2,5.2,90%,Não,0,1430,Urbana,1
15,Masculino,3,9.2,85%,Sim,0,1092,Rural,1
17,Masculino,3,8.2,95%,Não,0,2663,Rural,1
17,Feminino,1,6.6,70%,Sim,Falta de Apoio Escolar,1355,Urbana,1
16,Masculino,3,5.9,50%,Não,0,2488,Urbana,0
16,Feminino,2,7.8,85%,Não,0,2155,Rural,1
18,Masculino,1,4.2,95%,Sim,Problemas Financeiros,887,Rural,1
18,Feminino,2,6.3,95%,Sim,0,1492,Urbana,0
15,Feminino,3,9.9,85%,Sim,0,514,Rural,1
15,Feminino,3,7.5,80%,Sim,Falta de Interesse,1542,Urbana,1
16,Masculino,1,5.1,50%,Não,0,1533,Urbana,0
16,Masculino,1,8.4,95%,Não,0,894,Rural,1
15,Masculino,3,10.0,75%,Não,Problemas Familiares,1319,Urbana,1
16,Masculino,3,8.1,60%,Não,Problemas Financeiros,2094,Rural,1
17,Masculino,1,4.1,50%,Não,Falta de Apoio Escolar,2196,Urbana,1
18,Feminino,3,4.3,60%,Sim,0,2458,Urbana,1
17,Feminino,1,6.6,85%,Não,Outros,1345,Rural,1
15,Masculino,2,9.3,80%,Sim,0,1127,Rural,0
17,Masculino,2,4.4,70%,Não,0,1478,Rural,0
18,Feminino,2,8.2,70%,Não,Falta de Interesse,1345,Rural,1
15,Masculino,3,6.8,50%,Não,Falta de Interesse,1588,Rural,1
15,Feminino,1,7.5,50%,Sim,0,608,Rural,1
16,Feminino,3,7.0,50%,Sim,0,2625,Rural,0
18,Masculino,1,5.9,85%,Sim,0,897,Urbana,1
15,Feminino,3,5.8,95%,Sim,Problemas Financeiros,2212,Urbana,1
17,Masculino,3,8.0,50%,Não,Problemas Familiares,1657,Urbana,1
15,Feminino,2,4.3,50%,Não,0,2314,Rural,0
15,Feminino,1,9.9,90%,Não,Falta de Apoio Familiar,1764,Urbana,1
18,Feminino,3,4.0,85%,Não,0,2110,Urbana,1
17,Feminino,2,8.6,60%,Não,Falta de Apoio Familiar,2714,Rural,1
16,Masculino,3,6.7,80%,Não,0,810,Rural,1
16,Feminino,2,4.7,80%,Sim,Outros,919,Rural,1
16,Masculino,3,4.7,75%,Não,0,1840,Rural,1
16,Feminino,2,6.2,90%,Sim,0,763,Rural,1
15,Feminino,2,4.2,80%,Sim,Problemas Financeiros,2846,Urbana,1
16,Masculino,2,6.5,60%,Sim,Problemas Familiares,1876,Urbana,1
16,Feminino,2,4.8,70%,Sim,Falta de Apoio Escolar,1513,Urbana,1
18,Masculino,3,8.1,95%,Não,0,2776,Urbana,0
18,Feminino,1,8.4,85%,Não,0,2596,Urbana,0
17,Masculino,2,7.5,80%,Não,Problemas Familiares,2477,Rural,1
16,Feminino,1,4.2,60%,Não,0,2234,Rural,0
16,Feminino,1,8.4,90%,Sim,Problemas Familiares,1124,Urbana,1
17,Feminino,1,8.3,95%,Sim,0,1682,Rural,1
16,Masculino,2,6.0,60%,Sim,0,2049,Urbana,1
16,Feminino,3,9.7,85%,Não,Outros,2172,Urbana,1
18,Masculino,2,7.9,75%,Sim,0,791,Rural,0
16,Feminino,1,8.4,90%,Não,Falta de Apoio Familiar,1271,Rural,1
16,Feminino,1,5.8,75%,Sim,0,2512,Urbana,1
17,Masculino,2,9.3,95%,Não,0,2337,Rural,0
16,Masculino,2,4.5,80%,Não,0,2784,Rural,1
16,Feminino,2,9.4,95%,Sim,Falta de Interesse,900,Urbana,1
16,Masculino,2,4.9,80%,Não,0,2552,Urbana,1
15,Masculino,1,9.5,85%,Sim,0,581,Urbana,0
18,Masculino,2,8.3,95%,Não,0,574,Rural,1
17,Feminino,3,9.2,95%,Sim,0,2530,Urbana,1
17,Masculino,3,9.7,95%,Não,Outros,2676,Urbana,1
16,Masculino,2,9.2,70%,Sim,Problemas de Saúde,832,Rural,1
16,Masculino,1,8.5,50%,Sim,0,1374,Rural,0
17,Feminino,3,7.1,60%,Sim,Problemas Financeiros,2304,Urbana,1
18,Feminino,1,4.9,90%,Não,Problemas de Saúde,2386,Urbana,1
15,Masculino,1,8.8,75%,Não,Problemas de Saúde,1752,Urbana,1
15,Feminino,3,6.3,70%,Sim,0,2778,Urbana,0
16,Masculino,3,5.5,60%,Sim,0,1307,Rural,0
18,Feminino,2,9.0,70%,Sim,0,2228,Rural,1
17,Feminino,1,8.9,60%,Sim,Problemas Financeiros,995,Urbana,1
15,Masculino,2,5.6,95%,Sim,0,1546,Urbana,0
17,Feminino,3,5.9,85%,Sim,0,2947,Urbana,1
17,Feminino,2,9.0,90%,Sim,Problemas Financeiros,525,Rural,1
16,Masculino,3,9.5,95%,Sim,0,1618,Urbana,1
16,Masculino,1,8.2,50%,Não,0,650,Urbana,1
16,Masculino,3,7.1,95%,Não,Problemas de Saúde,1517,Urbana,1
15,Masculino,2,9.7,85%,Sim,Problemas de Saúde,575,Rural,1
18,Feminino,1,8.0,90%,Sim,Problemas Familiares,2413,Urbana,1
17,Masculino,3,5.1,85%,Não,Problemas de Saúde,1537,Rural,1
18,Feminino,3,6.7,50%,Não,0,1869,Rural,0
15,Feminino,1,5.4,80%,Sim,0,1928,Urbana,0
18,Masculino,2,9.5,90%,Não,Problemas Familiares,1710,Urbana,1
16,Feminino,1,9.6,75%,Sim,0,688,Rural,0
17,Masculino,2,7.3,85%,Sim,0,1863,Rural,0
15,Feminino,1,6.9,60%,Não,Problemas Financeiros,693,Rural,1
15,Masculino,2,4.1,80%,Não,Problemas de Saúde,1661,Urbana,1
18,Masculino,3,8.8,60%,Sim,Problemas de Saúde,2661,Rural,1
17,Masculino,1,9.7,60%,Sim,Problemas de Saúde,1657,Rural,1
17,Masculino,3,7.1,50%,Não,Problemas de Saúde,1724,Rural,1
16,Masculino,3,7.3,75%,Sim,0,2310,Urbana,0
17,Feminino,1,6.5,60%,Sim,Falta de Apoio Escolar,970,Urbana,1
18,Masculino,1,7.4,95%,Sim,0,2364,Urbana,0
18,Masculino,1,6.3,70%,Sim,0,1428,Urbana,0
15,Masculino,1,4.4,85%,Sim,0,2868,Rural,0
16,Feminino,2,6.1,85%,Sim,0,705,Urbana,0
18,Feminino,2,5.2,60%,Não,0,735,Urbana,0
16,Feminino,1,8.7,95%,Não,0,1491,Rural,0
15,Feminino,1,8.3,90%,Não,Falta de Apoio Familiar,1946,Urbana,1
15,Feminino,1,8.2,60%,Sim,0,2691,Rural,0
16,Feminino,3,4.2,95%,Não,0,2226,Urbana,0
18,Feminino,1,5.6,60%,Sim,0,1270,Rural,0
18,Feminino,3,8.2,50%,Sim,Problemas de Saúde,2759,Rural,1
17,Feminino,3,9.3,60%,Sim,Problemas de Saúde,1663,Rural,1
17,Feminino,3,9.7,60%,Sim,Outros,1540,Urbana,1
15,Feminino,1,4.8,70%,Não,0,888,Rural,0
16,Masculino,1,5.4,95%,Sim,0,1825,Urbana,0
17,Feminino,3,9.0,90%,Não,Problemas de Saúde,2843,Rural,1
17,Masculino,3,5.6,80%,Sim,Problemas Financeiros,1208,Urbana,1
15,Masculino,1,4.9,75%,Sim,Problemas Familiares,1232,Rural,1
17,Feminino,2,9.3,80%,Não,Outros,554,Urbana,1
18,Feminino,3,9.2,90%,Sim,0,1623,Rural,1
15,Masculino,3,9.0,80%,Sim,0,934,Urbana,0
15,Masculino,2,7.3,95%,Sim,Problemas Financeiros,2305,Rural,1
18,Masculino,1,5.3,90%,Sim,0,2042,Urbana,1
16,Feminino,2,5.9,70%,Não,Problemas de Saúde,2439,Urbana,1
15,Feminino,1,4.3,80%,Sim,Problemas Financeiros,1225,Rural,1
15,Feminino,2,5.6,95%,Sim,0,2460,Urbana,0
16,Feminino,3,8.1,75%,Sim,Outros,797,Urbana,1
15,Masculino,3,6.7,90%,Não,Problemas Familiares,2581,Urbana,1
17,Masculino,2,7.5,75%,Não,0,810,Rural,0
